,hex_id,bike_end,bike_start,geometry
0,891f1530317ffff,320,311,"{'type': 'Polygon', 'coordinates': [[[9.963379698271506, 53.46530262670022], [9.96358931642415, 53.46370758641753], [9.96621267312257, 53.46313749895491], [9.968626525857523, 53.464162440497105], [9.968417026197832, 53.46575749642496], [9.965793555306961, 53.466327595166796], [9.963379698271506, 53.46530262670022]]]}"
1,891f1530323ffff,476,472,"{'type': 'Polygon', 'coordinates': [[[9.974082656251268, 53.46142681885146], [9.974292006874025, 53.459831619197224], [9.976915241222764, 53.45926122409087], [9.979329239089413, 53.46028601734915], [9.979120006967836, 53.461881232637964], [9.976496658475174, 53.46245163903528], [9.974082656251268, 53.46142681885146]]]}"
2,891f1530327ffff,400,392,"{'type': 'Polygon', 'coordinates': [[[9.979120006967836, 53.461881232637964], [9.979329239089413, 53.46028601734915], [9.981952508701566, 53.459715512166916], [9.984366660318013, 53.46074021097608], [9.984157546709897, 53.46233544189313], [9.981534162968577, 53.46290595837416], [9.979120006967836, 53.461881232637964]]]}"
3,891f153032fffff,329,310,"{'type': 'Polygon', 'coordinates': [[[9.976915241222764, 53.45926122409087], [9.977124517337172, 53.45766595257705], [9.979747672822315, 53.45709545868771], [9.982161666316795, 53.45812022502066], [9.981952508701566, 53.459715512166916], [9.979329239089413, 53.46028601734915], [9.976915241222764, 53.45926122409087]]]}"
4,891f153033bffff,736,717,"{'type': 'Polygon', 'coordinates': [[[9.969045494627425, 53.460972200554274], [9.969254963739113, 53.45937701654093], [9.97187816278471, 53.45880673150328], [9.974292006874025, 53.459831619197224], [9.974082656251268, 53.46142681885146], [9.97145934304701, 53.461997115172245], [9.969045494627425, 53.460972200554274]]]}"
5,891f1530353ffff,139,119,"{'type': 'Polygon', 'coordinates': [[[9.948898740403497, 53.459151682672385], [9.949108683347907, 53.4575565612858], [9.95173174078355, 53.45698671645121], [9.954144969489072, 53.458011981752705], [9.953935144984435, 53.459607118805465], [9.951311973331253, 53.460176974891894], [9.948898740403497, 53.459151682672385]]]}"
6,891f1530e4bffff,756,768,"{'type': 'Polygon', 'coordinates': [[[9.984784857040324, 53.45754962105607], [9.984993940155954, 53.45595426205478], [9.987617051982696, 53.45538355931048], [9.990031194785983, 53.456408204266154], [9.989822230179772, 53.458003578891415], [9.9871990042576, 53.45857429293837], [9.984784857040324, 53.45754962105607]]]}"
7,891f1530e77ffff,133,138,"{'type': 'Polygon', 'coordinates': [[[10.002103467678808, 53.46153061894273], [10.00231215117472, 53.459935269329954], [10.004935482454206, 53.4593642249928], [10.00735024428773, 53.460388518937776], [10.00714167935232, 53.46198388415136], [10.004518234019642, 53.462554939820514], [10.002103467678808, 53.46153061894273]]]}"
8,891f1530ec3ffff,301,301,"{'type': 'Polygon', 'coordinates': [[[9.983530144888705, 53.4671208784627], [9.983739288995965, 53.46552577563727], [9.986362786868575, 53.464955247851606], [9.98877725476404, 53.465979811582265], [9.988568229198835, 53.467574930027574], [9.985944617192821, 53.46814546912373], [9.983530144888705, 53.4671208784627]]]}"
9,891f1530ecbffff,266,252,"{'type': 'Polygon', 'coordinates': [[[9.981324974849386, 53.464501117433485], [9.981534162968577, 53.46290595837416], [9.984157546709897, 53.46233544189313], [9.98657185646002, 53.4633600731682], [9.986362786868575, 53.464955247851606], [9.983739288995965, 53.46552577563727], [9.981324974849386, 53.464501117433485]]]}"
10,891f1531d13ffff,300,363,"{'type': 'Polygon', 'coordinates': [[[9.97817074534467, 53.449688954624804], [9.97837996043841, 53.44809342696351], [9.981002729991742, 53.44752275809206], [9.983416398537136, 53.44854760559819], [9.983207301909948, 53.450143148896025], [9.9805844182676, 53.45071382905256], [9.97817074534467, 53.449688954624804]]]}"
11,891f1531dabffff,161,141,"{'type': 'Polygon', 'coordinates': [[[9.98824404737512, 53.45059713867298], [9.98845302552347, 53.44900157974496], [9.99107586547285, 53.448430690749696], [9.993489841330177, 53.44945534938313], [9.99328098167289, 53.451050923935036], [9.990658027664002, 53.451621824231005], [9.98824404737512, 53.45059713867298]]]}"
12,891f1532537ffff,1450,1513,"{'type': 'Polygon', 'coordinates': [[[9.947632456392444, 53.54613717643458], [9.947842713913861, 53.54454433031271], [9.950469320224512, 53.54397584087942], [9.952885783541795, 53.54500018623128], [9.95267564477855, 53.54659304796991], [9.950048923936599, 53.5471615487413], [9.947632456392444, 53.54613717643458]]]}"
13,891f153253bffff,736,729,"{'type': 'Polygon', 'coordinates': [[[9.940383679622125, 53.543063735104624], [9.940594099897634, 53.541470848317296], [9.943220556056213, 53.54090248040766], [9.945636706479917, 53.54192698796232], [9.945426404935832, 53.543519890376864], [9.942799834233384, 53.54408826961092], [9.940383679622125, 53.543063735104624]]]}"
14,891f1532583ffff,2273,1895,"{'type': 'Polygon', 'coordinates': [[[9.929034637690432, 53.55170704598836], [9.929245356907089, 53.55011444688683], [9.931872128599753, 53.54954647446289], [9.934288295684128, 53.55057108982525], [9.934077695206915, 53.55216370456255], [9.931450808902596, 53.55273168830312], [9.929034637690432, 53.55170704598836]]]}"
15,891f1532587ffff,2722,2512,"{'type': 'Polygon', 'coordinates': [[[9.934077695206915, 53.55216370456255], [9.934288295684128, 53.55057108982525], [9.936915103100263, 53.5500030072075], [9.939331424632734, 53.55102752800395], [9.939120942907296, 53.552620158370715], [9.936494020894326, 53.55318825231293], [9.934077695206915, 53.55216370456255]]]}"
16,891f153258fffff,786,752,"{'type': 'Polygon', 'coordinates': [[[9.931872128599753, 53.54954647446289], [9.932082773071018, 53.54795380343636], [9.934709465892446, 53.54738573213716], [9.937125628834064, 53.54841032054732], [9.936915103100263, 53.5500030072075], [9.934288295684128, 53.55057108982525], [9.931872128599753, 53.54954647446289]]]}"
17,891f1532593ffff,1119,1108,"{'type': 'Polygon', 'coordinates': [[[9.92619699316587, 53.55386744670867], [9.926407787134695, 53.55227491953451], [9.929034637690432, 53.55170704598836], [9.931450808902596, 53.55273168830312], [9.931240133675196, 53.55432423111519], [9.928613168490918, 53.554892115976], [9.92619699316587, 53.55386744670867]]]}"
18,891f153259bffff,413,403,"{'type': 'Polygon', 'coordinates': [[[9.923991770425218, 53.551250182668916], [9.924202608368919, 53.549657599209446], [9.926829344298316, 53.5490897369721], [9.929245356907089, 53.55011444688683], [9.929034637690432, 53.55170704598836], [9.926407787134695, 53.55227491953451], [9.923991770425218, 53.551250182668916]]]}"
19,891f15325abffff,523,468,"{'type': 'Polygon', 'coordinates': [[[9.93975235735383, 53.54784213905489], [9.939962808350954, 53.54624938047424], [9.942589457966156, 53.54568110010972], [9.945005771143922, 53.54670556699891], [9.944795438894605, 53.54829834120478], [9.94216867471641, 53.548866632897635], [9.93975235735383, 53.54784213905489]]]}"
20,891f15325b7ffff,1683,1622,"{'type': 'Polygon', 'coordinates': [[[9.944164380724217, 53.553076407392105], [9.944374743685481, 53.55148376140217], [9.947001622428838, 53.55091545837508], [9.949418252774993, 53.55193978999916], [9.949208008590228, 53.553532451605946], [9.946581015279541, 53.55410076597315], [9.944164380724217, 53.553076407392105]]]}"
21,891f15325dbffff,1403,1507,"{'type': 'Polygon', 'coordinates': [[[9.914539802188592, 53.5455580572027], [9.914750846739244, 53.543965376842586], [9.917377317589915, 53.54339764736888], [9.919792858523337, 53.54442258696749], [9.919581932658627, 53.54601528298432], [9.91695534717127, 53.54658302374721], [9.914539802188592, 53.5455580572027]]]}"
22,891f15328bbffff,903,930,"{'type': 'Polygon', 'coordinates': [[[10.011920649173685, 53.522912977689906], [10.012129297898635, 53.521319175309536], [10.014755167322795, 53.52074883834833], [10.017172502257981, 53.52177229236054], [10.016963972340765, 53.523366110294106], [10.01433798867742, 53.52393645866367], [10.011920649173685, 53.522912977689906]]]}"
23,891f1532a03ffff,274,274,"{'type': 'Polygon', 'coordinates': [[[9.99205114867759, 53.49935235430854], [9.992260194547214, 53.49775804525399], [9.994885035913764, 53.49718781070371], [9.997300945627599, 53.498211873853855], [9.997092018436835, 53.49980619849924], [9.9944670628501, 53.50037644440503], [9.99205114867759, 53.49935235430854]]]}"
24,891f1532a23ffff,331,294,"{'type': 'Polygon', 'coordinates': [[[10.004966797343608, 53.49809504279288], [10.005175531261948, 53.496500630697334], [10.007800363818996, 53.49593007698386], [10.010216576628078, 53.49695392399422], [10.010007961411146, 53.49854835166578], [10.007383014680434, 53.49911891675236], [10.004966797343608, 53.49809504279288]]]}"
25,891f1532a3bffff,728,712,"{'type': 'Polygon', 'coordinates': [[[9.999925822155355, 53.49764152913199], [10.000134674762819, 53.496047132618784], [10.002759472223527, 53.49547668908342], [10.005175531261948, 53.496500630697334], [10.004966797343608, 53.49809504279288], [10.002341885694452, 53.498665497693516], [9.999925822155355, 53.49764152913199]]]}"
26,891f1532a47ffff,488,496,"{'type': 'Polygon', 'coordinates': [[[9.98763793107409, 53.49411529685547], [9.987847065092575, 53.49252087525543], [9.990471678025207, 53.491950663398555], [9.992887271151924, 53.49297486179935], [9.992678255783652, 53.49456929899856], [9.990053528635144, 53.49513952219921], [9.98763793107409, 53.49411529685547]]]}"
27,891f1532c87ffff,822,829,"{'type': 'Polygon', 'coordinates': [[[9.989238966543322, 53.54021994648683], [9.98944821253486, 53.53862671917012], [9.992074715221344, 53.53805717295513], [9.994492086287734, 53.53908084266539], [9.994282959120284, 53.54067408555242], [9.991656342059041, 53.54124364316025], [9.989238966543322, 53.54021994648683]]]}"
28,891f1532cb3ffff,122,114,"{'type': 'Polygon', 'coordinates': [[[9.994282959120284, 53.54067408555242], [9.994492086287734, 53.53908084266539], [9.99711862420274, 53.53851118620329], [9.999536149306916, 53.539534761228964], [9.999327140975804, 53.54112801968], [9.996700488700897, 53.54169768754276], [9.994282959120284, 53.54067408555242]]]}"
29,891f1532d23ffff,693,797,"{'type': 'Polygon', 'coordinates': [[[10.035890612875644, 53.53473897411427], [10.036098728210249, 53.53314535044703], [10.038725159389386, 53.532574636976285], [10.041143589433618, 53.53359753571885], [10.040935593000865, 53.5351911749036], [10.038309047618736, 53.53576189982964], [10.035890612875644, 53.53473897411427]]]}"
30,891f1532d7bffff,35,40,"{'type': 'Polygon', 'coordinates': [[[10.02138219021588, 53.52860028200012], [10.021590631744486, 53.52700657671788], [10.024216764647333, 53.526436106676556], [10.026634570246834, 53.52745933049097], [10.02642624756694, 53.529053051311735], [10.023800000435571, 53.52962353278095], [10.02138219021588, 53.52860028200012]]]}"
31,891f1532d97ffff,2153,2197,"{'type': 'Polygon', 'coordinates': [[[10.021715570684051, 53.54555809906749], [10.021924059323291, 53.543964834769824], [10.024550887067617, 53.54339461552498], [10.02696934045729, 53.544417649133585], [10.026760970730253, 53.54601092895946], [10.024134028698105, 53.546581159649904], [10.021715570684051, 53.54555809906749]]]}"
32,891f1532db7ffff,430,418,"{'type': 'Polygon', 'coordinates': [[[10.034641708089174, 53.54429981857414], [10.034849884221392, 53.54270645135197], [10.037476702526881, 53.54213591265511], [10.039895458937972, 53.54315872971867], [10.039687401740448, 53.54475211245429], [10.037060469193856, 53.545322662614296], [10.034641708089174, 53.54429981857414]]]}"
33,891f1532e33ffff,1319,1412,"{'type': 'Polygon', 'coordinates': [[[9.982292733414393, 53.515408624419244], [9.982502064172087, 53.513814787316186], [9.985127529238314, 53.51324502417803], [9.987543777852652, 53.514269086786804], [9.987334565812619, 53.51586293948302], [9.984708986437365, 53.51643271397868], [9.982292733414393, 53.515408624419244]]]}"
34,891f153402fffff,120,104,"{'type': 'Polygon', 'coordinates': [[[10.204159977979506, 53.496479138392736], [10.204363954263567, 53.494883610669426], [10.206989350011668, 53.4943084060287], [10.209410882987337, 53.495328717451564], [10.209207025813987, 53.49692426051171], [10.206581516551083, 53.49749947681355], [10.204159977979506, 53.496479138392736]]]}"
35,891f15342b3ffff,101,105,"{'type': 'Polygon', 'coordinates': [[[10.17954121663517, 53.4894639645114], [10.179745758417782, 53.487868385381816], [10.182370792789296, 53.48729364562305], [10.184791398946139, 53.488314473376896], [10.184586976197268, 53.489910067877105], [10.181961828254607, 53.49048481925422], [10.17954121663517, 53.4894639645114]]]}"
36,891f1534383ffff,226,241,"{'type': 'Polygon', 'coordinates': [[[10.204771877039024, 53.49169242702535], [10.204975823531875, 53.49009677110622], [10.20760102574428, 53.48952147935841], [10.210022394956509, 53.49054183187391], [10.209818567557866, 53.492137503131836], [10.207193251849594, 53.49271280653686], [10.204771877039024, 53.49169242702535]]]}"
37,891f153438fffff,112,133,"{'type': 'Polygon', 'coordinates': [[[10.20760102574428, 53.48952147935841], [10.207804897802498, 53.48792575167344], [10.210430019984075, 53.48735036116593], [10.212851383583121, 53.48837068668564], [10.212647630616967, 53.48996642970724], [10.210022394956509, 53.49054183187391], [10.20760102574428, 53.48952147935841]]]}"
38,891f15343abffff,153,153,"{'type': 'Polygon', 'coordinates': [[[10.215476539187806, 53.48779518576004], [10.215680217728364, 53.486199370977175], [10.218305293269276, 53.48562377129531], [10.220726803713275, 53.486643974728935], [10.220523244274666, 53.488239804839935], [10.21789805528695, 53.48881541619058], [10.215476539187806, 53.48779518576004]]]}"
39,891f1534663ffff,125,122,"{'type': 'Polygon', 'coordinates': [[[10.156529971584092, 53.4898471426665], [10.156735063841696, 53.48825169687075], [10.159360043018207, 53.487677497346006], [10.161780043582144, 53.488698732033065], [10.161575070312008, 53.49029419322702], [10.158949977487254, 53.4908684043371], [10.156529971584092, 53.4898471426665]]]}"
40,891f15a1b4fffff,77,79,"{'type': 'Polygon', 'coordinates': [[[9.947940278309238, 53.64038584456541], [9.948150837977341, 53.63879546097223], [9.950781311651339, 53.638228402585], [9.953201340521629, 53.63925171635759], [9.95299089996219, 53.640842115512086], [9.950360311420502, 53.64140918533405], [9.947940278309238, 53.64038584456541]]]}"
41,891f15a88dbffff,267,268,"{'type': 'Polygon', 'coordinates': [[[9.874798467059653, 53.57578585798842], [9.875010558676005, 53.574194184879346], [9.877638131684092, 53.57362783988811], [9.880053727946223, 53.574653156745434], [9.879841755043287, 53.57624484554102], [9.87721406716153, 53.57681120179413], [9.874798467059653, 53.57578585798842]]]}"
42,891f15a8923ffff,2258,2242,"{'type': 'Polygon', 'coordinates': [[[9.941007707233634, 53.5769609679595], [9.941218223854817, 53.57536896315785], [9.943846070490533, 53.57480109782544], [9.946263515164752, 53.57582522593619], [9.946053117401908, 53.57741724634449], [9.943425156103219, 53.57798512303674], [9.941007707233634, 53.5769609679595]]]}"
43,891f15a8937ffff,2053,2059,"{'type': 'Polygon', 'coordinates': [[[9.943214683538587, 53.579577071513235], [9.943425156103219, 53.57798512303674], [9.946053117401908, 53.57741724634449], [9.948470720797813, 53.57844130676438], [9.94826036710588, 53.58003327084335], [9.94563229114206, 53.58060115890133], [9.943214683538587, 53.579577071513235]]]}"
44,891f15a89abffff,1015,987,"{'type': 'Polygon', 'coordinates': [[[9.935330519363218, 53.58128019572551], [9.935541185598787, 53.57968833479412], [9.938169190190719, 53.57912066726116], [9.940586643240724, 53.58014484930508], [9.940376095867503, 53.5817367258474], [9.937747976578674, 53.58230440473629], [9.935330519363218, 53.58128019572551]]]}"
45,891f15a8aabffff,341,339,"{'type': 'Polygon', 'coordinates': [[[9.884588048569821, 53.55975931603673], [9.884799853850408, 53.55816717060644], [9.887426803844562, 53.55760035362574], [9.889842063339403, 53.55862567081689], [9.88963037673373, 53.56021783193137], [9.887003311955006, 53.56078466017191], [9.884588048569821, 53.55975931603673]]]}"
46,891f15a8ad3ffff,138,152,"{'type': 'Polygon', 'coordinates': [[[9.861581407275914, 53.560081494722866], [9.861793761937419, 53.558489484052764], [9.864420645750792, 53.55792320650902], [9.86683528975953, 53.5589489284102], [9.866623053725178, 53.56054095479178], [9.863996055051635, 53.561107243562084], [9.861581407275914, 53.560081494722866]]]}"
47,891f15a8b0fffff,727,719,"{'type': 'Polygon', 'coordinates': [[[9.915478127259375, 53.55773049489227], [9.915689189485748, 53.556138127228394], [9.918316161904297, 53.55557056163392], [9.920732186770332, 53.55659535240176], [9.920521243276921, 53.55818773571412], [9.917894156181234, 53.558755312611524], [9.915478127259375, 53.55773049489227]]]}"
48,891f15a8b23ffff,2042,2049,"{'type': 'Polygon', 'coordinates': [[[9.925564549702528, 53.558644771793475], [9.925775374450536, 53.55705237283896], [9.928402418506613, 53.55648458686047], [9.930818752459032, 53.55750918851922], [9.930608046468782, 53.55910160310958], [9.92798088776507, 53.559669400406705], [9.925564549702528, 53.558644771793475]]]}"
49,891f15a8b5bffff,169,177,"{'type': 'Polygon', 'coordinates': [[[9.898145934315952, 53.55374005467561], [9.89835739657488, 53.55214767772583], [9.90098414651904, 53.551580453926604], [9.903399548920149, 53.55260559580505], [9.903188205342682, 53.55419798842635], [9.900561340679433, 53.55476522349911], [9.898145934315952, 53.55374005467561]]]}"
50,891f15a8b6fffff,436,426,"{'type': 'Polygon', 'coordinates': [[[9.918949093478671, 53.55079311462498], [9.91916005013704, 53.54920054681388], [9.921786750263255, 53.54863279475591], [9.924202608368919, 53.549657599209446], [9.923991770425218, 53.551250182668916], [9.921364955657896, 53.551817946027846], [9.918949093478671, 53.55079311462498]]]}"
51,891f15a8b7bffff,260,252,"{'type': 'Polygon', 'coordinates': [[[9.911068713728445, 53.55249586510621], [9.911279863847236, 53.55090338488355], [9.913906606918076, 53.5503358418773], [9.916322314539636, 53.551360767803935], [9.916111283125138, 53.55295326368341], [9.91348442538154, 53.55352081798082], [9.911068713728445, 53.55249586510621]]]}"
52,891f15a8b83ffff,707,704,"{'type': 'Polygon', 'coordinates': [[[9.909167900180439, 53.56682626384683], [9.909379142803957, 53.56523416828647], [9.912006466365764, 53.564666888060664], [9.91442266203085, 53.56569169209357], [9.91421153816063, 53.5672838033046], [9.911584099868678, 53.56785109483341], [9.909167900180439, 53.56682626384683]]]}"
53,891f15a8bc7ffff,463,464,"{'type': 'Polygon', 'coordinates': [[[9.904758506051184, 53.561592151712695], [9.904969836557637, 53.559999943583364], [9.907596930665735, 53.55943268594586], [9.910012808989826, 53.56045762514785], [9.909801597207913, 53.56204984893618], [9.907174388374097, 53.5626171178649], [9.904758506051184, 53.561592151712695]]]}"
54,891f15a8d3bffff,362,366,"{'type': 'Polygon', 'coordinates': [[[9.916089057169671, 53.59161791090878], [9.916300216419382, 53.59002642532201], [9.91892857988663, 53.589459362586936], [9.921345898897338, 53.59048377410162], [9.92113485850752, 53.59207527531627], [9.918506380243818, 53.59264234938973], [9.916089057169671, 53.59161791090878]]]}"
55,891f15a8e03ffff,174,171,"{'type': 'Polygon', 'coordinates': [[[9.857467221492456, 53.57179034680424], [9.857679712996154, 53.57019866453373], [9.86030706229569, 53.569632661246864], [9.862722035003664, 53.570658328999514], [9.862509662161683, 53.57225002697956], [9.859882197946705, 53.57281604149885], [9.857467221492456, 53.57179034680424]]]}"
56,891f15a9997ffff,600,630,"{'type': 'Polygon', 'coordinates': [[[9.860653508667237, 53.54791062525723], [9.86086584514646, 53.54631830194894], [9.863492227345038, 53.545751860271004], [9.86590638788063, 53.54677773068993], [9.865694169981564, 53.548370069717976], [9.86306767296343, 53.54893652260868], [9.860653508667237, 53.54791062525723]]]}"
57,891f15ac053ffff,1122,1136,"{'type': 'Polygon', 'coordinates': [[[10.037240758372256, 53.60253806350999], [10.037449061570095, 53.60094620459462], [10.040078274922955, 53.60037649375613], [10.042499299514944, 53.60139863030821], [10.042291115473454, 53.60299050470001], [10.03966178768035, 53.603560227064705], [10.037240758372256, 53.60253806350999]]]}"
58,891f15ac0bbffff,230,214,"{'type': 'Polygon', 'coordinates': [[[10.053982222023658, 53.61128378841818], [10.054190153719471, 53.60969206786234], [10.056819780092638, 53.609122101518636], [10.059241589183317, 53.61014384417269], [10.05903377671157, 53.611735580179804], [10.056404035921782, 53.61230555808299], [10.053982222023658, 53.61128378841818]]]}"
59,891f15ac1d7ffff,229,245,"{'type': 'Polygon', 'coordinates': [[[10.074189573269656, 53.613089722422686], [10.074397027995426, 53.61149794009964], [10.07702679327374, 53.610927531852276], [10.07944921817973, 53.61194889433858], [10.079241882727173, 53.613540692087625], [10.076612003092162, 53.61411111192569], [10.074189573269656, 53.613089722422686]]]}"
60,891f15ac207ffff,1791,1747,"{'type': 'Polygon', 'coordinates': [[[10.0391151218041, 53.588209793506905], [10.039323333675805, 53.58661754966234], [10.041951965313908, 53.58604757669406], [10.044372499460055, 53.58706983605746], [10.0441644066954, 53.588662095384564], [10.041535660674317, 53.589232079867166], [10.0391151218041, 53.588209793506905]]]}"
61,891f15ac20bffff,1545,1548,"{'type': 'Polygon', 'coordinates': [[[10.031854130696242, 53.58514260878072], [10.032062505977878, 53.583550324024735], [10.034690988299307, 53.582980472952016], [10.037111209731634, 53.58400289513603], [10.036902953530399, 53.58559519538507], [10.034274356813185, 53.5861650579584], [10.031854130696242, 53.58514260878072]]]}"
62,891f15ac213ffff,1687,1671,"{'type': 'Polygon', 'coordinates': [[[10.031228943939297, 53.58991920645848], [10.031437349677677, 53.58832704999839], [10.034066025846734, 53.587757286314115], [10.03648641068902, 53.588779667586756], [10.03627812404741, 53.59037183953784], [10.033649333463492, 53.59094161472667], [10.031228943939297, 53.58991920645848]]]}"
63,891f15ac243ffff,2015,2031,"{'type': 'Polygon', 'coordinates': [[[10.02459407788248, 53.58207493569768], [10.024802616523376, 53.58048261004935], [10.027430949460353, 53.57991288084348], [10.02985085816178, 53.580935465800444], [10.029642438574578, 53.5825278069523], [10.027013991229003, 53.583097547645075], [10.02459407788248, 53.58207493569768]]]}"
64,891f15ac263ffff,1060,1020,"{'type': 'Polygon', 'coordinates': [[[10.037527691698983, 53.58081816634567], [10.037735917466524, 53.57922573780591], [10.040364240893895, 53.578655688966656], [10.042784452912253, 53.57967805716406], [10.04257634622094, 53.58127050119252], [10.039947908431767, 53.581840561536275], [10.037527691698983, 53.58081816634567]]]}"
65,891f15ac27bffff,1024,1005,"{'type': 'Polygon', 'coordinates': [[[10.032479226089533, 53.580365626222445], [10.032687570921002, 53.57877321317773], [10.035315859422768, 53.578203274717126], [10.037735917466524, 53.57922573780591], [10.037527691698983, 53.58081816634567], [10.034899288820494, 53.58138811630295], [10.032479226089533, 53.580365626222445]]]}"
66,891f15ac28bffff,524,511,"{'type': 'Polygon', 'coordinates': [[[10.028391707809387, 53.59208095581314], [10.028600188326541, 53.59048887125109], [10.031228943939297, 53.58991920645848], [10.033649333463492, 53.59094161472667], [10.033440972045193, 53.59253371478187], [10.030812102000567, 53.593103391077115], [10.028391707809387, 53.59208095581314]]]}"
67,891f15ac2a7ffff,853,819,"{'type': 'Polygon', 'coordinates': [[[10.048589898713123, 53.593890759724815], [10.04879790276102, 53.59229861322812], [10.051426798018149, 53.59172850680764], [10.053847803596321, 53.592750535351385], [10.053639918696492, 53.594342697315966], [10.051010909067159, 53.59491281527033], [10.048589898713123, 53.593890759724815]]]}"
68,891f15ac2abffff,1076,1045,"{'type': 'Polygon', 'coordinates': [[[10.041327493141807, 53.59082426730292], [10.041535660674317, 53.589232079867166], [10.0441644066954, 53.588662095384564], [10.046585099565766, 53.589684286818944], [10.046377051154677, 53.591276489733026], [10.043748190748552, 53.591846485735815], [10.041327493141807, 53.59082426730292]]]}"
69,891f15ac357ffff,618,638,"{'type': 'Polygon', 'coordinates': [[[10.062149900585403, 53.587855048564386], [10.062357561200475, 53.58626267094506], [10.064986252535984, 53.585692157442445], [10.067407397559386, 53.586714010013054], [10.067199856098357, 53.58830640308745], [10.064571050456633, 53.58887692813754], [10.062149900585403, 53.587855048564386]]]}"
70,891f15ac367ffff,503,524,"{'type': 'Polygon', 'coordinates': [[[10.07792221172775, 53.58443109565073], [10.078129484541684, 53.58283854337818], [10.080758085931926, 53.58226761125261], [10.083179528747182, 53.58328921983404], [10.082972375107618, 53.58488178754469], [10.080343659475172, 53.58545273123719], [10.07792221172775, 53.58443109565073]]]}"
71,891f15ac397ffff,263,253,"{'type': 'Polygon', 'coordinates': [[[10.068168468147105, 53.60047364597963], [10.06837602587243, 53.598881565971304], [10.071005254098807, 53.5983111051344], [10.073427038928052, 53.5993327127381], [10.073219600416348, 53.60092480818694], [10.070590257858502, 53.60149528059294], [10.068168468147105, 53.60047364597963]]]}"
72,891f15ac403ffff,555,581,"{'type': 'Polygon', 'coordinates': [[[10.02968872979361, 53.6211842016002], [10.029897274062353, 53.619592871498774], [10.032527228434137, 53.61902362062844], [10.034948753065597, 53.62004568832667], [10.034740328006691, 53.62163703390275], [10.032110259103247, 53.622206296307304], [10.02968872979361, 53.6211842016002]]]}"
73,891f15ac44fffff,232,234,"{'type': 'Polygon', 'coordinates': [[[10.023050861023822, 53.61334335013296], [10.023259538312278, 53.61175185074733], [10.0258891491017, 53.611182634444326], [10.028310197124753, 53.61220490601179], [10.028101639003024, 53.6137964208846], [10.025471913688259, 53.614365648704144], [10.023050861023822, 53.61334335013296]]]}"
74,891f15ac63bffff,598,608,"{'type': 'Polygon', 'coordinates': [[[10.022090821607623, 53.60117950779049], [10.022299482200731, 53.599587695342365], [10.02492859057863, 53.59901831574335], [10.027349152845142, 53.60004073709107], [10.027140611371495, 53.60163256503459], [10.024511388508587, 53.60220195613637], [10.022090821607623, 53.60117950779049]]]}"
75,891f15ac647ffff,759,749,"{'type': 'Polygon', 'coordinates': [[[10.00978060899582, 53.597658289932404], [10.009989552063303, 53.59606645209666], [10.012618475744866, 53.59549730476935], [10.015038570868407, 53.596519983797926], [10.01482974688136, 53.59811183714588], [10.012200708687107, 53.59868099595443], [10.00978060899582, 53.597658289932404]]]}"
76,891f15ac68bffff,467,478,"{'type': 'Polygon', 'coordinates': [[[10.008526736783827, 53.6072084187703], [10.008735740942747, 53.605616837560405], [10.011365052433328, 53.60504786508155], [10.013785474312634, 53.60607046232478], [10.013576589267004, 53.607662059042816], [10.01094716322548, 53.60823104301083], [10.008526736783827, 53.6072084187703]]]}"
77,891f15ac6b3ffff,197,167,"{'type': 'Polygon', 'coordinates': [[[10.020838644506098, 53.610729484242], [10.021047366115136, 53.60913792843706], [10.023676862381306, 53.60856872364474], [10.026097751558407, 53.60959106314804], [10.0258891491017, 53.611182634444326], [10.023259538312278, 53.61175185074733], [10.020838644506098, 53.610729484242]]]}"
78,891f15acc47ffff,120,163,"{'type': 'Polygon', 'coordinates': [[[10.115852173914313, 53.607139647357734], [10.116058613711235, 53.60554748509311], [10.118688266635944, 53.604976018203736], [10.121111593958949, 53.60599670193521], [10.120905273500284, 53.60758887957922], [10.118275506377113, 53.60816035811376], [10.115852173914313, 53.607139647357734]]]}"
79,891f15ace0bffff,205,193,"{'type': 'Polygon', 'coordinates': [[[10.102554820067898, 53.59146013186448], [10.10276152710721, 53.58986763078167], [10.105390494883546, 53.58929623363977], [10.10781286980364, 53.59031732597218], [10.107606282016363, 53.591909842459415], [10.104977200053703, 53.5924812512112], [10.102554820067898, 53.59146013186448]]]}"
80,891f15ace43ffff,334,353,"{'type': 'Polygon', 'coordinates': [[[10.095288304851984, 53.588396447561884], [10.095495175623382, 53.58680390543971], [10.09812399478567, 53.58623263037383], [10.100546057372634, 53.5872538858353], [10.100339305826669, 53.58884644337244], [10.097710372465093, 53.589417730034505], [10.095288304851984, 53.588396447561884]]]}"
81,891f15ace8bffff,206,201,"{'type': 'Polygon', 'coordinates': [[[10.0990985849215, 53.59840089034644], [10.099305396936657, 53.5968085894558], [10.101934638498596, 53.596237378465936], [10.10435718226451, 53.59725845675616], [10.104150489520018, 53.59885077305136], [10.10152113373567, 53.59942199565318], [10.0990985849215, 53.59840089034644]]]}"
82,891f15ad003ffff,2728,2747,"{'type': 'Polygon', 'coordinates': [[[9.983262030816721, 53.56627475155111], [9.983471504402104, 53.5646822372893], [9.98609905409695, 53.564113227277566], [9.98851724469028, 53.56513672011842], [9.988307890012896, 53.56672924994252], [9.98568022583089, 53.56729827136485], [9.983262030816721, 53.56627475155111]]]}"
83,891f15ad00fffff,1677,1663,"{'type': 'Polygon', 'coordinates': [[[9.98609905409695, 53.564113227277566], [9.986308452935997, 53.56252064110904], [9.988935923465656, 53.56195153221986], [9.99135410962322, 53.56297499808801], [9.991144829690151, 53.56456759981667], [9.98851724469028, 53.56513672011842], [9.98609905409695, 53.564113227277566]]]}"
84,891f15ad013ffff,4346,4419,"{'type': 'Polygon', 'coordinates': [[[9.980424853626337, 53.56843610503553], [9.980634401964858, 53.566843662682814], [9.983262030816721, 53.56627475155111], [9.98568022583089, 53.56729827136485], [9.985470796402412, 53.568890729282], [9.982843053046427, 53.56945965182238], [9.980424853626337, 53.56843610503553]]]}"
85,891f15ad037ffff,2602,2596,"{'type': 'Polygon', 'coordinates': [[[9.998400176884465, 53.567637631609074], [9.99860929370886, 53.56604507067934], [10.001236949198933, 53.565475729776004], [10.003655602304029, 53.56649893836978], [10.00344660442464, 53.568091514842855], [10.00081883449188, 53.568660867180235], [9.998400176884465, 53.567637631609074]]]}"
86,891f15ad047ffff,734,700,"{'type': 'Polygon', 'coordinates': [[[9.978845108034765, 53.56104242382264], [9.979054669905155, 53.55944979688475], [9.981681990632056, 53.558880809676566], [9.984099863968199, 53.559904438008815], [9.98389042097712, 53.561497080517356], [9.981262985767305, 53.56206607912437], [9.978845108034765, 53.56104242382264]]]}"
87,891f15ad04bffff,2137,2134,"{'type': 'Polygon', 'coordinates': [[[9.971592100588559, 53.557971133080656], [9.971801825439604, 53.55637846539242], [9.97442899629632, 53.55580959983653], [9.976846556794253, 53.556833390585105], [9.976636950795774, 53.55842607385446], [9.974009665443498, 53.55899495079547], [9.971592100588559, 53.557971133080656]]]}"
88,891f15ad063ffff,1838,1826,"{'type': 'Polygon', 'coordinates': [[[9.986727220029787, 53.559335340526275], [9.986936588286044, 53.5577426261136], [9.989563865191267, 53.55717342975811], [9.99198188828811, 53.558196936408045], [9.991772638921478, 53.559789666382876], [9.9891452475651, 53.56035887414698], [9.986727220029787, 53.559335340526275]]]}"
89,891f15ad06fffff,1620,1682,"{'type': 'Polygon', 'coordinates': [[[9.989563865191267, 53.55717342975811], [9.989773158719455, 53.55558064344371], [9.992400356460184, 53.5550113482178], [9.994818375103609, 53.556034827897165], [9.994609200462989, 53.55762762977161], [9.99198188828811, 53.558196936408045], [9.989563865191267, 53.55717342975811]]]}"
90,891f15ad077ffff,2471,2391,"{'type': 'Polygon', 'coordinates': [[[9.988935923465656, 53.56195153221986], [9.9891452475651, 53.56035887414698], [9.991772638921478, 53.559789666382876], [9.994190820628326, 53.56081310527855], [9.993981615432833, 53.56240577890942], [9.99135410962322, 53.56297499808801], [9.988935923465656, 53.56195153221986]]]}"
91,891f15ad087ffff,2045,1998,"{'type': 'Polygon', 'coordinates': [[[9.984842446926228, 53.573667846517885], [9.985051906950805, 53.57207551685931], [9.98767976481306, 53.57150658290441], [9.9900982771559, 53.57252996718903], [9.98988893607009, 53.574122312403645], [9.987260963699397, 53.574691257779016], [9.984842446926228, 53.573667846517885]]]}"
92,891f15ad09bffff,2008,2009,"{'type': 'Polygon', 'coordinates': [[[9.974750037520764, 53.572758299617306], [9.974959735385879, 53.57116600108986], [9.977587522527255, 53.57059728772591], [9.980005726338279, 53.57162086148603], [9.979796147387265, 53.57321317558222], [9.977168245707835, 53.573781900350944], [9.974750037520764, 53.572758299617306]]]}"
93,891f15ad0cbffff,3129,3022,"{'type': 'Polygon', 'coordinates': [[[9.968125590997538, 53.56491002639279], [9.968335421232956, 53.563317558855736], [9.970962864772961, 53.56274887967084], [9.973380592605885, 53.563772656637255], [9.973170881241447, 53.565365139755556], [9.970543323169837, 53.56593383032757], [9.968125590997538, 53.56491002639279]]]}"
94,891f15ad0d3ffff,1911,1636,"{'type': 'Polygon', 'coordinates': [[[9.967496038992477, 53.569687172509866], [9.967705899878007, 53.56809483322066], [9.970333537048225, 53.56752624153249], [9.972751427880342, 53.56854997774386], [9.972541685882161, 53.57014233261224], [9.969913934161232, 53.57071093569147], [9.967496038992477, 53.569687172509866]]]}"
95,891f15ad107ffff,3207,3169,"{'type': 'Polygon', 'coordinates': [[[10.023634207035999, 53.56990499663246], [10.02384272901234, 53.56831235804916], [10.026470560028306, 53.56774246551637], [10.028889983432956, 53.56876520009513], [10.028681580463088, 53.57035785419018], [10.02605363507881, 53.5709277581961], [10.023634207035999, 53.56990499663246]]]}"
96,891f15ad11bffff,2957,2974,"{'type': 'Polygon', 'coordinates': [[[10.013540027375512, 53.56899866600811], [10.013748787328007, 53.56740605846726], [10.01637654825358, 53.56683638660779], [10.018795663621466, 53.56785931083299], [10.018587022650877, 53.569451933898215], [10.015959147327232, 53.57002161721521], [10.013540027375512, 53.56899866600811]]]}"
97,891f15ad123ffff,1027,1017,"{'type': 'Polygon', 'coordinates': [[[10.031517849434083, 53.56819519721493], [10.031726177676028, 53.566602471232436], [10.03435396428591, 53.56603236948059], [10.03677353698707, 53.567054982229735], [10.036565327761876, 53.56864772371549], [10.033937426815536, 53.56921783695025], [10.031517849434083, 53.56819519721493]]]}"
98,891f15ad14fffff,3250,3252,"{'type': 'Polygon', 'coordinates': [[[10.01195620807555, 53.56160491946477], [10.012164981760671, 53.56001212730434], [10.014792434614508, 53.55944237947246], [10.017211228156821, 53.56046541235472], [10.017002573422834, 53.56205822004574], [10.01437500619216, 53.56262797932531], [10.01195620807555, 53.56160491946477]]]}"
99,891f15ad16bffff,1271,1241,"{'type': 'Polygon', 'coordinates': [[[10.019838716080455, 53.559895554206044], [10.020047296098618, 53.55830267462611], [10.022674704707049, 53.557732717610925], [10.025093647639082, 53.55875562871961], [10.02488518658232, 53.560348523821666], [10.022257663628864, 53.560918492294306], [10.019838716080455, 53.559895554206044]]]}"
100,891f15ad16fffff,697,636,"{'type': 'Polygon', 'coordinates': [[[10.02488518658232, 53.560348523821666], [10.025093647639082, 53.55875562871961], [10.02772109125225, 53.55818556138111], [10.030140188135562, 53.55920837768082], [10.029931846052458, 53.560801288298705], [10.02730428810916, 53.561371367102446], [10.02488518658232, 53.560348523821666]]]}"
101,891f15ad177ffff,1000,965,"{'type': 'Polygon', 'coordinates': [[[10.024259742500519, 53.56512695261795], [10.024468234013758, 53.563534185771644], [10.027095871314366, 53.562964205835705], [10.029515131447667, 53.56398698127828], [10.02930675892451, 53.56557976363837], [10.026679007274678, 53.56614975504348], [10.024259742500519, 53.56512695261795]]]}"
102,891f15ad187ffff,1714,1714,"{'type': 'Polygon', 'coordinates': [[[10.020171848848317, 53.576844800511694], [10.020380476042744, 53.575252362093174], [10.023008580168844, 53.57468265584351], [10.025428171501698, 53.575705376538615], [10.025219663332232, 53.577297830469], [10.022591444801744, 53.57786754819382], [10.020171848848317, 53.576844800511694]]]}"
103,891f15ad193ffff,2348,2347,"{'type': 'Polygon', 'coordinates': [[[10.012287254132257, 53.57855341337871], [10.012496075096536, 53.57696106237741], [10.015124223495658, 53.57639156535976], [10.01754366536352, 53.57741440787937], [10.017334963413989, 53.57900677440097], [10.014706700578612, 53.57957628288404], [10.012287254132257, 53.57855341337871]]]}"
104,891f15ad1a3ffff,1382,1381,"{'type': 'Polygon', 'coordinates': [[[10.02805631064835, 53.57513555993244], [10.028264744071517, 53.57354303410964], [10.03089280382619, 53.5729731186247], [10.033312544526932, 53.57399571747902], [10.033104230138978, 53.575588258805226], [10.030476056011809, 53.57615818577508], [10.02805631064835, 53.57513555993244]]]}"
105,891f15ad1a7ffff,2047,1954,"{'type': 'Polygon', 'coordinates': [[[10.033104230138978, 53.575588258805226], [10.033312544526932, 53.57399571747902], [10.035940639237003, 53.573425691631066], [10.038360533913478, 53.57444819561796], [10.038152338573006, 53.57604075244126], [10.035524129505335, 53.57661078978193], [10.033104230138978, 53.575588258805226]]]}"
106,891f15ad20fffff,2906,3443,"{'type': 'Polygon', 'coordinates': [[[9.970642879780577, 53.545797594778215], [9.970852587482177, 53.54420461432211], [9.973479256780264, 53.543635585155975], [9.97589633282879, 53.544659525075964], [9.975686743932743, 53.54625252112143], [9.973059960179398, 53.54682156165894], [9.970642879780577, 53.545797594778215]]]}"
107,891f15ad21bffff,1961,1950,"{'type': 'Polygon', 'coordinates': [[[9.962762591160393, 53.54750417658908], [9.962972492370284, 53.54591128363588], [9.965599205266255, 53.545342463561695], [9.968016131436018, 53.54636652508046], [9.967806349021314, 53.54795943363148], [9.96517952163841, 53.548528265067276], [9.962762591160393, 53.54750417658908]]]}"
108,891f15ad22bffff,2484,2588,"{'type': 'Polygon', 'coordinates': [[[9.978523037510522, 53.5440903856752], [9.978732551702235, 53.54249731772915], [9.981359177304235, 53.54192807946772], [9.983776403134726, 53.54295189777256], [9.983567007758841, 53.54454498129954], [9.980940267733377, 53.54511423094211], [9.978523037510522, 53.5440903856752]]]}"
109,891f15ad233ffff,1106,1088,"{'type': 'Polygon', 'coordinates': [[[9.977894433745718, 53.54886933307832], [9.978103978533026, 53.547276393350586], [9.98073079765516, 53.54670724257064], [9.983148186429311, 53.547731020134755], [9.982938760474221, 53.549323975441375], [9.980311826909485, 53.54989313760639], [9.977894433745718, 53.54886933307832]]]}"
110,891f15ad237ffff,1717,1699,"{'type': 'Polygon', 'coordinates': [[[9.982938760474221, 53.549323975441375], [9.983148186429311, 53.547731020134755], [9.985775040880391, 53.547161759105165], [9.988192583800846, 53.54818544199068], [9.987983276690251, 53.5497784128699], [9.985356307811406, 53.55034768529237], [9.982938760474221, 53.549323975441375]]]}"
111,891f15ad28fffff,2613,2553,"{'type': 'Polygon', 'coordinates': [[[9.967176940508724, 53.552737902843155], [9.967386753558424, 53.55114512251364], [9.970013695430419, 53.55057627971035], [9.97243093874075, 53.551600205864595], [9.972221244514978, 53.553193001783605], [9.969594188151682, 53.55376185596025], [9.967176940508724, 53.552737902843155]]]}"
112,891f15ad297ffff,2544,2532,"{'type': 'Polygon', 'coordinates': [[[9.966547440077878, 53.55751598737585], [9.966757283769192, 53.555923335275054], [9.96938441919653, 53.555354579971315], [9.971801825439604, 53.55637846539242], [9.971592100588559, 53.557971133080656], [9.968964850650844, 53.5585398997617], [9.966547440077878, 53.55751598737585]]]}"
113,891f15ad29bffff,3032,3040,"{'type': 'Polygon', 'coordinates': [[[9.959295834199848, 53.55444392552811], [9.959505840794517, 53.552851232706566], [9.962132826229524, 53.55228259901134], [9.964549919589603, 53.553306646775475], [9.964340031808524, 53.55489935519495], [9.96171293185051, 53.555468000253725], [9.959295834199848, 53.55444392552811]]]}"
114,891f15ad2afffff,1340,1260,"{'type': 'Polygon', 'coordinates': [[[9.980102326240539, 53.551486021011954], [9.980311826909485, 53.54989313760639], [9.982938760474221, 53.549323975441375], [9.985356307811406, 53.55034768529237], [9.985146925989017, 53.55194058427266], [9.982519877979577, 53.5525097578286], [9.980102326240539, 53.551486021011954]]]}"
115,891f15ad2b7ffff,2306,2212,"{'type': 'Polygon', 'coordinates': [[[9.979473763040398, 53.55626441476986], [9.979683294306732, 53.55467165959451], [9.982310421438605, 53.55410258490764], [9.98472813176465, 53.555126254002595], [9.98451871936121, 53.55671902475063], [9.981891477765569, 53.5572881108324], [9.979473763040398, 53.55626441476986]]]}"
116,891f15ad2bbffff,566,499,"{'type': 'Polygon', 'coordinates': [[[9.972221244514978, 53.553193001783605], [9.97243093874075, 53.551600205864595], [9.975057916031835, 53.55103125281762], [9.977475313570332, 53.55205508430983], [9.977265738180764, 53.553647895812], [9.974638646413235, 53.55421686024017], [9.972221244514978, 53.553193001783605]]]}"
117,891f15ad2d3ffff,2119,2104,"{'type': 'Polygon', 'coordinates': [[[9.952045167122108, 53.55137137675659], [9.952255336569433, 53.54977864323335], [9.95488217194487, 53.549210131117974], [9.957298952405294, 53.5502343411773], [9.957088901744813, 53.55182709030895], [9.954461951833792, 53.55239561377422], [9.952045167122108, 53.55137137675659]]]}"
118,891f15ad303ffff,2526,2544,"{'type': 'Polygon', 'coordinates': [[[10.003117961588096, 53.55114049534151], [10.003326912091266, 53.54954747778248], [10.00595390745872, 53.54897777568254], [10.008372066688157, 53.550001079718825], [10.008163235078715, 53.55159411282514], [10.005536125342854, 53.55216382634925], [10.003117961588096, 53.55114049534151]]]}"
119,891f15ad307ffff,1029,908,"{'type': 'Polygon', 'coordinates': [[[10.008163235078715, 53.55159411282514], [10.008372066688157, 53.550001079718825], [10.01099909718487, 53.54943126733335], [10.013417410422443, 53.550454476623564], [10.013208697719026, 53.55204752527089], [10.010581552868759, 53.55261734908834], [10.008163235078715, 53.55159411282514]]]}"
120,891f15ad30bffff,962,977,"{'type': 'Polygon', 'coordinates': [[[10.00090890689764, 53.54852407901366], [10.001117901581326, 53.54693100511603], [10.003744782582485, 53.54636131443435], [10.006162783262981, 53.54738468623341], [10.00595390745872, 53.54897777568254], [10.003326912091266, 53.54954747778248], [10.00090890689764, 53.54852407901366]]]}"
121,891f15ad313ffff,3542,3232,"{'type': 'Polygon', 'coordinates': [[[10.000281861797657, 53.553303044245986], [10.000490887006569, 53.55171009857944], [10.003117961588096, 53.55114049534151], [10.005536125342854, 53.55216382634925], [10.005327219029759, 53.553756787565256], [10.002700030062847, 53.55432640222539], [10.000281861797657, 53.553303044245986]]]}"
122,891f15ad317ffff,2871,2617,"{'type': 'Polygon', 'coordinates': [[[10.005327219029759, 53.553756787565256], [10.005536125342854, 53.55216382634925], [10.008163235078715, 53.55159411282514], [10.010581552868759, 53.55261734908834], [10.010372765463789, 53.55421032584746], [10.007745541357357, 53.554780050801625], [10.005327219029759, 53.553756787565256]]]}"
123,891f15ad31bffff,682,635,"{'type': 'Polygon', 'coordinates': [[[9.998072877314728, 53.55068667284063], [9.998281946699375, 53.54909367083524], [10.00090890689764, 53.54852407901366], [10.003326912091266, 53.54954747778248], [10.003117961588096, 53.55114049534151], [10.000490887006569, 53.55171009857944], [9.998072877314728, 53.55068667284063]]]}"
124,891f15ad333ffff,844,799,"{'type': 'Polygon', 'coordinates': [[[10.013208697719026, 53.55204752527089], [10.013417410422443, 53.550454476623564], [10.016044476008418, 53.54988455394539], [10.018462943226448, 53.55090766847611], [10.01825434944144, 53.55250073265808], [10.015627169516735, 53.553070666776065], [10.013208697719026, 53.55204752527089]]]}"
125,891f15ad33bffff,1753,1772,"{'type': 'Polygon', 'coordinates': [[[10.01099909718487, 53.54943126733335], [10.01120785409741, 53.547838162339055], [10.013834805346807, 53.54726825109478], [10.016253114016939, 53.54829143341225], [10.016044476008418, 53.54988455394539], [10.013417410422443, 53.550454476623564], [10.01099909718487, 53.54943126733335]]]}"
126,891f15ad34bffff,2333,2762,"{'type': 'Polygon', 'coordinates': [[[9.991447140204825, 53.54283681415573], [9.991656342059041, 53.54124364316025], [9.994282959120284, 53.54067408555242], [9.996700488700897, 53.54169768754276], [9.996491405685095, 53.54329087410441], [9.993864674246993, 53.54386044311093], [9.991447140204825, 53.54283681415573]]]}"
127,891f15ad34fffff,1266,1381,"{'type': 'Polygon', 'coordinates': [[[9.996491405685095, 53.54329087410441], [9.996700488700897, 53.54169768754276], [9.999327140975804, 53.54112801968], [10.001744824593723, 53.54215152697379], [10.00153586042862, 53.54374472909526], [9.998909093791633, 53.544314408364535], [9.996491405685095, 53.54329087410441]]]}"
128,891f15ad353ffff,871,876,"{'type': 'Polygon', 'coordinates': [[[9.990819473540917, 53.547616070704294], [9.991028705946494, 53.54602302792858], [9.99365551653965, 53.5454535577808], [9.996073209119956, 53.54647711900752], [9.995864095569184, 53.54807017734734], [9.99323717058006, 53.54863965889776], [9.990819473540917, 53.547616070704294]]]}"
129,891f15ad357ffff,817,846,"{'type': 'Polygon', 'coordinates': [[[9.995864095569184, 53.54807017734734], [9.996073209119956, 53.54647711900752], [9.998700054937103, 53.545907538596396], [10.001117901581326, 53.54693100511603], [10.00090890689764, 53.54852407901366], [9.998281946699375, 53.54909367083524], [9.995864095569184, 53.54807017734734]]]}"
130,891f15ad35bffff,1129,1321,"{'type': 'Polygon', 'coordinates': [[[9.98861116745774, 53.54499937200832], [9.988820444005482, 53.543406272906736], [9.991447140204825, 53.54283681415573], [9.993864674246993, 53.54386044311093], [9.99365551653965, 53.5454535577808], [9.991028705946494, 53.54602302792858], [9.98861116745774, 53.54499937200832]]]}"
131,891f15ad36bffff,777,779,"{'type': 'Polygon', 'coordinates': [[[10.004371512042379, 53.54158174884895], [10.004580401524795, 53.539988474840214], [10.007207009777023, 53.539418597862415], [10.009624842873855, 53.54044198347846], [10.00941607225241, 53.54203527303858], [10.006789349669914, 53.542605161432654], [10.004371512042379, 53.54158174884895]]]}"
132,891f15ad3a7ffff,1578,1534,"{'type': 'Polygon', 'coordinates': [[[10.017628507145508, 53.55727966872194], [10.017837131401693, 53.555686732781815], [10.020464425667207, 53.555116787218175], [10.022883210016177, 53.55613976614448], [10.022674704707049, 53.557732717610925], [10.020047296098618, 53.55830267462611], [10.017628507145508, 53.55727966872194]]]}"
133,891f15ad3abffff,1494,1471,"{'type': 'Polygon', 'coordinates': [[[10.010372765463789, 53.55421032584746], [10.010581552868759, 53.55261734908834], [10.013208697719026, 53.55204752527089], [10.015627169516735, 53.553070666776065], [10.015418501032162, 53.55466365907199], [10.012791241826188, 53.5552334943273], [10.010372765463789, 53.55421032584746]]]}"
134,891f15ad3bbffff,1535,1544,"{'type': 'Polygon', 'coordinates': [[[10.007536679243987, 53.55637295567017], [10.007745541357357, 53.554780050801625], [10.010372765463789, 53.55421032584746], [10.012791241826188, 53.5552334943273], [10.012582498635256, 53.556826414734815], [10.009955160156201, 53.55739615112487], [10.007536679243987, 53.55637295567017]]]}"
135,891f15ad3c7ffff,3529,3742,"{'type': 'Polygon', 'coordinates': [[[9.995236693835134, 53.55284909591035], [9.995445837927505, 53.551256165799565], [9.998072877314728, 53.55068667284063], [10.000490887006569, 53.55171009857944], [10.000281861797657, 53.553303044245986], [9.997654708010224, 53.55387254861934], [9.995236693835134, 53.55284909591035]]]}"
136,891f15ad3cbffff,908,912,"{'type': 'Polygon', 'coordinates': [[[9.987983276690251, 53.5497784128699], [9.988192583800846, 53.54818544199068], [9.990819473540917, 53.547616070704294], [9.99323717058006, 53.54863965889776], [9.993027982326293, 53.550232645343215], [9.990400978173264, 53.55080202803031], [9.987983276690251, 53.5497784128699]]]}"
137,891f15ad3cfffff,2364,2539,"{'type': 'Polygon', 'coordinates': [[[9.993027982326293, 53.550232645343215], [9.99323717058006, 53.54863965889776], [9.995864095569184, 53.54807017734734], [9.998281946699375, 53.54909367083524], [9.998072877314728, 53.55068667284063], [9.995445837927505, 53.551256165799565], [9.993027982326293, 53.550232645343215]]]}"
138,891f15ad3d3ffff,2530,2823,"{'type': 'Polygon', 'coordinates': [[[9.987355294220889, 53.55455706904979], [9.987564631901028, 53.55296422640025], [9.990191715209733, 53.552394942579], [9.992609575267089, 53.55341849000404], [9.992400356460184, 53.5550113482178], [9.989773158719455, 53.55558064344371], [9.987355294220889, 53.55455706904979]]]}"
139,891f15ad3dbffff,1153,1149,"{'type': 'Polygon', 'coordinates': [[[9.985146925989017, 53.55194058427266], [9.985356307811406, 53.55034768529237], [9.987983276690251, 53.5497784128699], [9.990400978173264, 53.55080202803031], [9.990191715209733, 53.552394942579], [9.987564631901028, 53.55296422640025], [9.985146925989017, 53.55194058427266]]]}"
140,891f15ad407ffff,2158,2151,"{'type': 'Polygon', 'coordinates': [[[9.96844500221931, 53.58185601852947], [9.968654880296706, 53.58026399210364], [9.971283019400014, 53.57969556401161], [9.973701395013816, 53.580719150941945], [9.97349163587093, 53.582311192938725], [9.970863382176471, 53.58287963243561], [9.96844500221931, 53.58185601852947]]]}"
141,891f15ad40bffff,2596,2591,"{'type': 'Polygon', 'coordinates': [[[9.961190488639536, 53.57878485187929], [9.961400529753146, 53.57719278468887], [9.964028518771647, 53.57662447828237], [9.966446581277072, 53.57764822767651], [9.966236659071264, 53.579240310448355], [9.963608555448966, 53.579808628246], [9.961190488639536, 53.57878485187929]]]}"
142,891f15ad42bffff,2637,2648,"{'type': 'Polygon', 'coordinates': [[[9.974120882655852, 53.577534938677836], [9.974330611156493, 53.5759427684121], [9.97695859198539, 53.575374142533036], [9.979376958867539, 53.576397675512396], [9.979167349297377, 53.57798986134477], [9.976539253911318, 53.57855849863255], [9.974120882655852, 53.577534938677836]]]}"
143,891f15ad42fffff,783,759,"{'type': 'Polygon', 'coordinates': [[[9.979167349297377, 53.57798986134477], [9.979376958867539, 53.576397675512396], [9.982004975087218, 53.575828939332986], [9.984423496275774, 53.57685237757081], [9.984214005648452, 53.578444578963584], [9.981585874886433, 53.57901332655951], [9.979167349297377, 53.57798986134477]]]}"
144,891f15ad44bffff,1178,1172,"{'type': 'Polygon', 'coordinates': [[[9.951729523699617, 53.57309708352292], [9.95193977187915, 53.571504919258096], [9.954567496131144, 53.57093674587989], [9.956985086814617, 53.571960725396366], [9.956774957501814, 53.573552905257266], [9.95414711863552, 53.574121090007], [9.951729523699617, 53.57309708352292]]]}"
145,891f15ad453ffff,1842,1831,"{'type': 'Polygon', 'coordinates': [[[9.951098717737313, 53.57787331980663], [9.951308996629455, 53.576281283797975], [9.953936914536449, 53.57571319794294], [9.956354668181422, 53.57673713672246], [9.95614450817239, 53.578329188325135], [9.95351647563197, 53.578897285555634], [9.951098717737313, 53.57787331980663]]]}"
146,891f15ad45bffff,1687,1680,"{'type': 'Polygon', 'coordinates': [[[9.948891397456066, 53.57525725034609], [9.949101720423888, 53.573665158008346], [9.951729523699617, 53.57309708352292], [9.95414711863552, 53.574121090007], [9.953936914536449, 53.57571319794294], [9.951308996629455, 53.576281283797975], [9.948891397456066, 53.57525725034609]]]}"
147,891f15ad47bffff,2623,2825,"{'type': 'Polygon', 'coordinates': [[[9.961820581299012, 53.57400852204617], [9.962030591732788, 53.57241632659552], [9.964658387075591, 53.57184793268275], [9.967076286566058, 53.57287172283481], [9.966866395023732, 53.57446393386895], [9.964238485096207, 53.575032339168914], [9.961820581299012, 53.57400852204617]]]}"
148,891f15ad497ffff,642,624,"{'type': 'Polygon', 'coordinates': [[[9.962138361670034, 53.59095180627035], [9.96234842003958, 53.5893600519731], [9.964976911135272, 53.588791909181765], [9.967395458502331, 53.5898155092841], [9.967185519087762, 53.59140727915453], [9.964556913347865, 53.591975433350804], [9.962138361670034, 53.59095180627035]]]}"
149,891f15ad4afffff,1184,1168,"{'type': 'Polygon', 'coordinates': [[[9.975700455225605, 53.58492669775011], [9.97591017021605, 53.5833347121079], [9.97853845933674, 53.582766162301596], [9.980957148042192, 53.58378958672035], [9.980747552012971, 53.585381587922996], [9.978119148313809, 53.58595014914787], [9.975700455225605, 53.58492669775011]]]}"
150,891f15ad4b7ffff,2255,2244,"{'type': 'Polygon', 'coordinates': [[[9.975071248967692, 53.58970239811682], [9.975280994602148, 53.588110540755366], [9.977909477485381, 53.58754207843112], [9.980328329328465, 53.588565462047164], [9.980118702671637, 53.590157334967024], [9.977490105190855, 53.59072580871381], [9.975071248967692, 53.58970239811682]]]}"
151,891f15ad4c7ffff,1094,1083,"{'type': 'Polygon', 'coordinates': [[[9.955513966740932, 53.58310508660392], [9.95572415745285, 53.58151316326666], [9.958352304628818, 53.58094505465477], [9.960770375727327, 53.58196885799426], [9.960560303927194, 53.58356079691722], [9.9579320421135, 53.58412891691637], [9.955513966740932, 53.58310508660392]]]}"
152,891f15ad50bffff,1958,1944,"{'type': 'Polygon', 'coordinates': [[[9.99651766713295, 53.58196875601559], [9.996726875632643, 53.5803765798877], [9.999355112282545, 53.579807501324105], [10.00177425492949, 53.58083058744387], [10.001565165424024, 53.58242277910902], [9.998936814274149, 53.58299186911851], [9.99651766713295, 53.58196875601559]]]}"
153,891f15ad527ffff,2824,2832,"{'type': 'Polygon', 'coordinates': [[[10.016708796568064, 53.58378361740218], [10.016917529017018, 53.58219137916319], [10.019545906290764, 53.581621859208816], [10.021965665552786, 53.58264456601768], [10.021757052147306, 53.58423681976864], [10.019128560433074, 53.58480635120017], [10.016708796568064, 53.58378361740218]]]}"
154,891f15ad533ffff,3228,3314,"{'type': 'Polygon', 'coordinates': [[[10.008823382441589, 53.58549167134583], [10.009032308697162, 53.58389952052916], [10.011660730209279, 53.583330209822996], [10.014080339934887, 53.58435303846746], [10.0138715327125, 53.58594520480458], [10.011242996728045, 53.58651452697818], [10.008823382441589, 53.58549167134583]]]}"
155,891f15ad54fffff,549,545,"{'type': 'Polygon', 'coordinates': [[[9.99209831019485, 53.576737917765065], [9.992307607094899, 53.57514562890828], [9.994935614751242, 53.574576573218856], [9.997354439999988, 53.575599794953426], [9.9971452620654, 53.577192099355806], [9.994517139913338, 53.57776116647939], [9.99209831019485, 53.576737917765065]]]}"
156,891f15ad593ffff,1696,1761,"{'type': 'Polygon', 'coordinates': [[[9.992424154162185, 53.59368156720863], [9.992633498616629, 53.59208971956692], [9.995262202122602, 53.59152091479989], [9.997681675726048, 53.592543946224076], [9.997472450300695, 53.594135809401116], [9.994843632239508, 53.59470462562002], [9.992424154162185, 53.59368156720863]]]}"
157,891f15ad5b7ffff,1223,1200,"{'type': 'Polygon', 'coordinates': [[[10.010407407660992, 53.592882648121396], [10.010616320192687, 53.591290681983494], [10.013245050011728, 53.59072144723275], [10.015664981789355, 53.59174416714404], [10.01545618832166, 53.59333614879622], [10.012827344009049, 53.59390539502423], [10.010407407660992, 53.592882648121396]]]}"
158,891f15ad5cbffff,1864,1867,"{'type': 'Polygon', 'coordinates': [[[9.983585472549118, 53.58322092659744], [9.983794993785855, 53.58162885347769], [9.986423239092383, 53.581060094459275], [9.988842077705538, 53.58208339713369], [9.98863267544039, 53.583675485805465], [9.986004315587177, 53.58424425625218], [9.983585472549118, 53.58322092659744]]]}"
159,891f15ad5d7ffff,1486,1469,"{'type': 'Polygon', 'coordinates': [[[9.988004407447022, 53.58845149525785], [9.988213840311843, 53.586859534868324], [9.990842314713841, 53.58629075298738], [9.993261470798624, 53.587313920057234], [9.993052156934082, 53.58890589599041], [9.99042356798118, 53.58947468931145], [9.988004407447022, 53.58845149525785]]]}"
160,891f15ad603ffff,2184,2201,"{'type': 'Polygon', 'coordinates': [[[9.94794632855545, 53.56308752365866], [9.948156634151402, 53.5614951185096], [9.950783935592538, 53.56092688032634], [9.953201046025276, 53.56195103593769], [9.952990859250903, 53.563543456693196], [9.95036344321897, 53.56411170623229], [9.94794632855545, 53.56308752365866]]]}"
161,891f15ad617ffff,1351,1333,"{'type': 'Polygon', 'coordinates': [[[9.950153181679354, 53.565704055065915], [9.95036344321897, 53.56411170623229], [9.952990859250903, 53.563543456693196], [9.955408128332957, 53.564567544627394], [9.955197985629356, 53.566159909063316], [9.952570455004402, 53.56672816996412], [9.950153181679354, 53.565704055065915]]]}"
162,891f15ad62fffff,2777,2764,"{'type': 'Polygon', 'coordinates': [[[9.963710307160412, 53.55967722399224], [9.963920225594673, 53.55808464380412], [9.966547440077878, 53.55751598737585], [9.968964850650844, 53.5585398997617], [9.968755051058858, 53.56013249553937], [9.966127722048343, 53.560701163343], [9.963710307160412, 53.55967722399224]]]}"
163,891f15ad633ffff,4213,4182,"{'type': 'Polygon', 'coordinates': [[[9.958035579934732, 53.56399918484089], [9.958245647875145, 53.56240674848522], [9.960873020445565, 53.561838289815555], [9.96329043963354, 53.562862256131474], [9.963080490539445, 53.56445470808101], [9.9604530034078, 53.565023178122146], [9.958035579934732, 53.56399918484089]]]}"
164,891f15ad64fffff,533,524,"{'type': 'Polygon', 'coordinates': [[[9.941326985334957, 53.55523718561214], [9.941537423042428, 53.553644611543184], [9.944164380724217, 53.553076407392105], [9.946581015279541, 53.55410076597315], [9.946370696350568, 53.555693355661084], [9.943743624084506, 53.556261571150344], [9.941326985334957, 53.55523718561214]]]}"
165,891f15ad67bffff,1392,1388,"{'type': 'Polygon', 'coordinates': [[[9.946370696350568, 53.555693355661084], [9.946581015279541, 53.55410076597315], [9.949208008590228, 53.553532451605946], [9.95162479753819, 53.55455671558205], [9.951414597400142, 53.55614932088264], [9.948787489519919, 53.55671764659586], [9.946370696350568, 53.555693355661084]]]}"
166,891f15ad687ffff,1408,1396,"{'type': 'Polygon', 'coordinates': [[[9.949522335640534, 53.57048084507971], [9.949732627890882, 53.56888862449043], [9.952360237530817, 53.56832046247789], [9.95477766952917, 53.56934450969037], [9.954567496131144, 53.57093674587989], [9.95193977187915, 53.571504919258096], [9.949522335640534, 53.57048084507971]]]}"
167,891f15ad6a7ffff,2578,2554,"{'type': 'Polygon', 'coordinates': [[[9.96245058192564, 53.56923180743955], [9.962660561686228, 53.567639483735825], [9.965288163381288, 53.56707100231734], [9.967705899878007, 53.56809483322066], [9.967496038992477, 53.569687172509866], [9.964868322731881, 53.57025566531162], [9.96245058192564, 53.56923180743955]]]}"
168,891f15ad83bffff,591,593,"{'type': 'Polygon', 'coordinates': [[[10.081651577791396, 53.5557586119899], [10.081858668930927, 53.55416529002726], [10.084486107440481, 53.553593834043916], [10.086906568935177, 53.5546156884814], [10.086699596871348, 53.55620902589433], [10.08407204423391, 53.55678049342087], [10.081651577791396, 53.5557586119899]]]}"
169,891f15ad8cfffff,722,750,"{'type': 'Polygon', 'coordinates': [[[10.063673712470928, 53.55657036810351], [10.063881235438195, 53.55497716439405], [10.066508649718289, 53.554406138395436], [10.068928655217581, 53.55542830458979], [10.068721251291343, 53.557021523770686], [10.066093722821513, 53.55759256128718], [10.063673712470928, 53.55657036810351]]]}"
170,891f15ad8d3ffff,811,783,"{'type': 'Polygon', 'coordinates': [[[10.058003375388889, 53.56089831535217], [10.058211047724846, 53.55930525537855], [10.060838621027347, 53.55873442709076], [10.06325863621435, 53.55975664726393], [10.063051082923627, 53.561349722713274], [10.060423395397436, 53.5619205625151], [10.058003375388889, 53.56089831535217]]]}"
171,891f15ad91bffff,180,224,"{'type': 'Polygon', 'coordinates': [[[10.104059292675933, 53.56017386430045], [10.104265862972035, 53.55858053699684], [10.106893553326193, 53.55800862782862], [10.109314787451005, 53.55903003438505], [10.109108336293845, 53.56062337710938], [10.106480531869655, 53.56119529785791], [10.104059292675933, 53.56017386430045]]]}"
172,891f15ada83ffff,726,963,"{'type': 'Polygon', 'coordinates': [[[10.054825614444097, 53.54610776326969], [10.055033314764026, 53.544514334031696], [10.05766027230573, 53.54394335404583], [10.060079643705754, 53.54496579180497], [10.059872062369546, 53.546559236531124], [10.057244990646348, 53.547130228011355], [10.054825614444097, 53.54610776326969]]]}"
173,891f15adadbffff,583,581,"{'type': 'Polygon', 'coordinates': [[[10.040311542945917, 53.53997183601759], [10.040519569757732, 53.53837832505377], [10.043146229344913, 53.53780758866661], [10.045564976324135, 53.538830351777634], [10.04535706844284, 53.5404238782506], [10.042730294648512, 53.54099462610478], [10.040311542945917, 53.53997183601759]]]}"
174,891f15adb3bffff,140,181,"{'type': 'Polygon', 'coordinates': [[[10.101490045667566, 53.54060158179354], [10.101696614322764, 53.539007756892424], [10.104323495415676, 53.538435609036114], [10.106743921859065, 53.539457274525674], [10.106537472264792, 53.54105111486197], [10.103910477162968, 53.541623274274954], [10.101490045667566, 53.54060158179354]]]}"
175,891f15adb8fffff,180,193,"{'type': 'Polygon', 'coordinates': [[[10.092988770776103, 53.54709847601184], [10.093195563312316, 53.54550486664144], [10.095822683346512, 53.54493301528641], [10.098243124901211, 53.54595476175226], [10.098036451432275, 53.547548386564316], [10.095409217338142, 53.54812024947022], [10.092988770776103, 53.54709847601184]]]}"
176,891f15adc0fffff,999,970,"{'type': 'Polygon', 'coordinates': [[[10.056757128937706, 53.57045577732525], [10.056964861973158, 53.56886297388955], [10.05959282278316, 53.56829232029676], [10.062013164816324, 53.56931445861913], [10.061805550858953, 53.5709072775265], [10.059177475787127, 53.57147794264119], [10.056757128937706, 53.57045577732525]]]}"
177,891f15adc23ffff,590,612,"{'type': 'Polygon', 'coordinates': [[[10.066854161295488, 53.57135857240607], [10.067061656162444, 53.56976573803334], [10.069689686372234, 53.56919486365422], [10.072110335943771, 53.57021681211164], [10.07190296017943, 53.571809661943355], [10.069274815737682, 53.57238054786003], [10.066854161295488, 53.57135857240607]]]}"
178,891f15adc33ffff,798,823,"{'type': 'Polygon', 'coordinates': [[[10.064018481938277, 53.573522110418494], [10.064226051518652, 53.571929347918186], [10.066854161295488, 53.57135857240607], [10.069274815737682, 53.57238054786003], [10.069067365262013, 53.573973325821505], [10.066439141236202, 53.57454411286923], [10.064018481938277, 53.573522110418494]]]}"
179,891f15adc53ffff,1202,1239,"{'type': 'Polygon', 'coordinates': [[[10.041612994943863, 53.569100044997434], [10.041821085140059, 53.56750728801469], [10.04444894155006, 53.56693696554789], [10.046868822067266, 53.56795938856673], [10.046660850912366, 53.569552161040114], [10.044032880195743, 53.57012249500539], [10.041612994943863, 53.569100044997434]]]}"
180,891f15adc7bffff,906,879,"{'type': 'Polygon', 'coordinates': [[[10.052332421532554, 53.56522557967765], [10.052540243264378, 53.563632663449376], [10.055167975556852, 53.5630620328828], [10.05758800037197, 53.56408430703567], [10.057380297689582, 53.56567723874396], [10.054752451139374, 53.56624788082072], [10.052332421532554, 53.56522557967765]]]}"
181,891f15adc8fffff,1539,1551,"{'type': 'Polygon', 'coordinates': [[[10.053297796857908, 53.57739700172251], [10.053505634982107, 53.57580439844591], [10.056133869113475, 53.57523393107436], [10.058554379415332, 53.57625605545685], [10.058346660387777, 53.577848674205235], [10.055718311958449, 53.578419153100725], [10.053297796857908, 53.57739700172251]]]}"
182,891f15adcc7ffff,1610,1634,"{'type': 'Polygon', 'coordinates': [[[10.046036876664164, 53.57433022191039], [10.04624487821157, 53.57273757771275], [10.048872963236906, 53.57216723224308], [10.051293161022357, 53.573189519462176], [10.051085278544962, 53.574782179142105], [10.048457079208848, 53.57535253612202], [10.046036876664164, 53.57433022191039]]]}"
183,891f15adccbffff,896,864,"{'type': 'Polygon', 'coordinates': [[[10.038776894172434, 53.571262953693484], [10.038985059092411, 53.569670268593875], [10.041612994943863, 53.569100044997434], [10.044032880195743, 53.57012249500539], [10.043824834319162, 53.5717151955978], [10.041196784144045, 53.57228543069082], [10.038776894172434, 53.571262953693484]]]}"
184,891f15ade17ffff,2067,2148,"{'type': 'Polygon', 'coordinates': [[[10.040650013521192, 53.55692724860653], [10.040858087219437, 53.55533417872135], [10.043485441916665, 53.55476369299343], [10.045904837178792, 53.55578626566732], [10.045696882474658, 53.55737935105138], [10.043069413511029, 53.55794984826404], [10.040650013521192, 53.55692724860653]]]}"
185,891f15ade83ffff,1210,1178,"{'type': 'Polygon', 'coordinates': [[[10.034978694423137, 53.561253847616484], [10.035186917520258, 53.559660921489105], [10.037814431022905, 53.55909063348253], [10.040233835725525, 53.56011326012384], [10.040025731626658, 53.56170620175441], [10.037398103823667, 53.56227650124185], [10.034978694423137, 53.561253847616484]]]}"
186,891f15ade93ffff,1308,1288,"{'type': 'Polygon', 'coordinates': [[[10.032142803723245, 53.56341689100341], [10.03235110152997, 53.56182403675851], [10.034978694423137, 53.561253847616484], [10.037398103823667, 53.56227650124185], [10.037189925017199, 53.5638693709921], [10.0345622178067, 53.56443957161303], [10.032142803723245, 53.56341689100341]]]}"
187,891f15adeafffff,1040,1071,"{'type': 'Polygon', 'coordinates': [[[10.050743940088681, 53.557831248294114], [10.050951775786436, 53.55623814741749], [10.05357920011275, 53.555667440995556], [10.055998902974617, 53.55668982395126], [10.055791186295489, 53.55828294031409], [10.053163647732605, 53.55885365823638], [10.050743940088681, 53.557831248294114]]]}"
188,891f15adeb7ffff,961,932,"{'type': 'Polygon', 'coordinates': [[[10.05012037226126, 53.56261029440819], [10.050328238326825, 53.56101732179025], [10.05295585636365, 53.560446702727944], [10.055375722587359, 53.56146904478067], [10.055167975556852, 53.5630620328828], [10.052540243264378, 53.563632663449376], [10.05012037226126, 53.56261029440819]]]}"
189,891f15adecbffff,2503,2152,"{'type': 'Polygon', 'coordinates': [[[10.023300190178274, 53.55295373496609], [10.02350866503267, 53.551360655255756], [10.026135800677316, 53.55079051197068], [10.028554575773347, 53.5518134369419], [10.028346219861877, 53.55340653217425], [10.025718969908231, 53.55397668691475], [10.023300190178274, 53.55295373496609]]]}"
190,891f15adecfffff,635,659,"{'type': 'Polygon', 'coordinates': [[[10.028346219861877, 53.55340653217425], [10.028554575773347, 53.5518134369419], [10.03118174638741, 53.55124318334265], [10.033600675380878, 53.552266013513886], [10.03339243842463, 53.55385912426196], [10.030765153516441, 53.55442938932445], [10.028346219861877, 53.55340653217425]]]}"
191,891f15ae043ffff,255,261,"{'type': 'Polygon', 'coordinates': [[[10.015826272619451, 53.64891398874233], [10.016035238558013, 53.64732345979565], [10.01866628749733, 53.64675495425129], [10.02108848517112, 53.64777696611255], [10.020879638516549, 53.64936751053435], [10.018248474900872, 53.649936027621145], [10.015826272619451, 53.64891398874233]]]}"
192,891f15ae68bffff,179,139,"{'type': 'Polygon', 'coordinates': [[[9.984251758595395, 53.65573026035426], [9.984461501325022, 53.65414008115224], [9.98709272694008, 53.65357241331895], [9.98951432462638, 53.65459491318558], [9.989304701139488, 53.65618510789653], [9.986673360720278, 53.65675278723327], [9.984251758595395, 53.65573026035426]]]}"
193,891f15af0d7ffff,249,244,"{'type': 'Polygon', 'coordinates': [[[9.948257532533022, 53.61868394903826], [9.94846801324246, 53.61709299570808], [9.951097596181013, 53.616525598650654], [9.953516813195693, 53.61754914351179], [9.9533064515149, 53.619140112415536], [9.950676753787508, 53.61970752088597], [9.948257532533022, 53.61868394903826]]]}"
194,891f15af1a7ffff,558,563,"{'type': 'Polygon', 'coordinates': [[[10.008857106140523, 53.62414436606019], [10.009066157689649, 53.62255322626312], [10.011696165711873, 53.621984504559926], [10.014117236792172, 53.623006911148224], [10.013908304420063, 53.62459806644317], [10.011278181787382, 53.62516679965331], [10.008857106140523, 53.62414436606019]]]}"
195,891f15af20bffff,717,712,"{'type': 'Polygon', 'coordinates': [[[9.941319969193195, 53.59390268378283], [9.941530534019476, 53.59231112011968], [9.944159076445743, 53.591743506038945], [9.946577168765074, 53.59276744424521], [9.94636672286067, 53.59435902350471], [9.943738065711777, 53.59492664896298], [9.941319969193195, 53.59390268378283]]]}"
196,891f15af277ffff,545,537,"{'type': 'Polygon', 'coordinates': [[[9.94920574686332, 53.592199719873655], [9.949416117933305, 53.590608068676744], [9.952044616972701, 53.590040245394476], [9.954462859629631, 53.591064061923156], [9.954252607491846, 53.59265572870797], [9.951623993761634, 53.59322356337756], [9.94920574686332, 53.592199719873655]]]}"
197,891f15af323ffff,1253,1248,"{'type': 'Polygon', 'coordinates': [[[9.991796059607227, 53.59845685353806], [9.992005434658234, 53.59686513419499], [9.994634332004708, 53.59629641688124], [9.997053968871262, 53.59731940745609], [9.996844712865755, 53.59891114233243], [9.994215700944926, 53.599479871102034], [9.991796059607227, 53.59845685353806]]]}"
198,891f15af343ffff,2256,2278,"{'type': 'Polygon', 'coordinates': [[[9.969394329967741, 53.59402252500138], [9.969604225234606, 53.59243081149058], [9.97223286646137, 53.5918625469752], [9.974651727049606, 53.59288598455336], [9.974441950764467, 53.59447771362686], [9.971813194906119, 53.59504598956087], [9.969394329967741, 53.59402252500138]]]}"
199,891f15af36fffff,1485,1514,"{'type': 'Polygon', 'coordinates': [[[9.985166346143885, 53.590612066711415], [9.985375853810677, 53.589020178239416], [9.988004407447022, 53.58845149525785], [9.99042356798118, 53.58947468931145], [9.99021417931676, 53.59106659332926], [9.987585511112481, 53.59163528774901], [9.985166346143885, 53.590612066711415]]]}"
200,891f15af3dbffff,699,731,"{'type': 'Polygon', 'coordinates': [[[9.960877796577327, 53.600501434037476], [9.961087916343546, 53.59890993632031], [9.963716795024324, 53.59834196853743], [9.966135668618092, 53.59936548706022], [9.965925667839617, 53.60095700034648], [9.963296674476354, 53.60152497954224], [9.960877796577327, 53.600501434037476]]]}"
