name,population,Under_18s,Share_under_18s,65yo_and_older, share_65yo_and_older,Foreigners,share_foreigners,Pop_w_migration_bg,share_Pop_w_migration_bg,under_18_mig_bg,Share_under_18_mig_bg,hh,ppl_per_hh,single_per_hh,share_single_per_hh,hh_w_chld,share_hh_w_chld,sngl_parent,share_sngl_parent,area_km,pop_dnsty,births,deaths,immigration,moving_away,migr_balance,social_insur,employment_rate,unemployed,share_unemployed,yng_unemployed,share_yng_unemployed,old_unemployed,share_old_unemployed,sgb_2,share_sgb_2,under_15_min_security,share_under_15_min_security,Community_of_needs_sgb_2,taxpayers,total_income_per_taxpayer,residental_bldngs,apartments,ready_to_move_apt,apt_in_houses,share_apt_in_houses,apt_size,living_space_per_inhab,social_housing,share_social_housing,land_prices,kita_preschool,primary_schools,share_high_school_stud,doctors,practitioners,dentists,pharmacies,private_cars,car_density
Alsterdorf,15031,2484,16.52584658,2837,18.87432639,2026,13.47881046,4094,27.26243591,1036,41.74053183,8109,1.806264644,4352,53.6687631,1479,18.23899371,359,24.27315754,3.155241052,4763.819865,168,157,2100,1524,576,5421,54.8,390,3.872889772,32,2.033036849,67,3.890824623,1109,7.37808529,332,15.63088512,539,6302,52426,1995,7728,125,1312,16.97722567,77.60610766,39.90020624,588,7.608695652,886,11,2,56.08391608,38,9,10,4,5209,346.5504624
Altengamme,2246,418,18.61086376,439,19.54585931,92,4.096170971,209,9.317877842,64,15.38461538,1017,2.226155359,337,33.1366765,250,24.58210423,51,20.4,15.60817234,143.8989749,19,30,164,140,24,888,60.3,33,2.264927934,0,0,5,1.506024096,68,3.02760463,22,6.285714286,36,1060,47341,643,909,1,698,76.78767877,107.5379538,43.52270703,4,0.4400440044,230,1,1,48.17518248,1,1,0,0,1270,565.4496883
Altenwerder,746,155,20.77747989,103,13.80697051,68,9.115281501,127,17.04697987,27,17.53246753,386,1.968911917,187,48.44559585,86,22.27979275,27,31.39534884,16.69819445,44.67548885,6,7,77,77,0,294,56.8,21,4.069767442,3,3.703703704,3,2.678571429,63,8.445040214,23,18.11023622,29,361,34544,226,328,0,242,73.7804878,99.4054878,43.70643432,0,0,229,1,0,34.04255319,0,0,0,0,373,500
Altona-Altstadt,29408,4486,15.25435256,3783,12.86384657,5757,19.57630577,11150,37.93291148,2346,52.55376344,18059,1.652749322,11314,62.65020212,2928,16.21352234,910,31.07923497,2.717872695,10820.22718,390,211,3453,3339,114,12181,56.3,1544,7.117175256,112,4.286261003,263,8.620124549,3611,12.27897171,816,20.75807683,2196,14861,30833,1611,16313,219,187,1.146325017,63.31343101,35.12078346,2320,14.22178631,1465,27,3,39.5480226,191,48,42,9,6708,228.101197
Altona-Nord,22946,3647,15.89383771,2297,10.01045934,4387,19.11880066,8365,36.51403379,1875,51.62444934,13954,1.65135445,8752,62.72036692,2299,16.47556256,651,28.31665942,2.217816773,10346.21087,331,113,3371,2901,470,9761,57,1139,6.525350902,61,2.907530982,170,7.449605609,2737,11.92800488,662,20.72636193,1617,11541,29901,1159,12084,229,123,1.017874876,63.91923204,33.66164037,1332,11.02284012,1153,14,2,37.27748691,34,6,6,5,5166,225.1372788
Altstadt,2305,277,12.01735358,256,11.10629067,506,21.95227766,990,42.91287386,182,65.70397112,1508,1.592838196,939,62.26790451,187,12.4005305,47,25.13368984,1.300347228,1772.603463,46,8,344,343,1,1127,62.8,98,5.441421433,8,4.733727811,9,4.5,244,10.5856833,63,25.40322581,136,1952,31336,99,1346,2,17,1.263001486,73.38930163,42.85553145,189,14.04160475,0,1,0,40.98360656,161,48,45,8,629,272.8850325
Bahrenfeld,31160,5216,16.7394095,3988,12.79845956,7464,23.95378691,11481,36.86542722,2606,49.99040859,16912,1.735158467,9934,58.73935667,2961,17.50827815,711,24.01215805,10.54097228,2956.084047,403,246,4824,4938,-114,12442,55.1,1347,5.932352682,140,3.985197837,203,6.937799043,3800,12.19512195,893,19.99552172,2290,14963,33565,3535,14490,46,2309,15.93512767,69.79075224,32.45404365,372,2.567287785,714,27,4,41.83098592,39,12,23,5,8654,277.7278562
Barmbek-Nord,41892,4304,10.274038,5491,13.10751456,5558,13.26744963,11292,26.97047865,2010,46.95164681,29252,1.451969096,20637,70.54902229,2958,10.11212909,808,27.31575389,3.851196067,10877.65963,511,404,5767,5553,214,21726,66.8,1643,5.038795351,112,2.683277432,304,7.409212771,3463,8.266494796,631,16.63152346,2371,23386,28330,2682,26708,83,278,1.040886626,56.65250112,36.11847131,1032,3.864010783,840,13,2,37.4749499,97,28,37,13,11164,266.4947961
Barmbek-Süd,35218,3703,10.51450963,4992,14.17456982,4721,13.40507695,9518,27.06745535,1691,46.00108814,24039,1.473563792,16571,68.93381588,2560,10.64936145,736,28.75,3.091773916,11390.8717,413,323,5109,4893,216,17672,66,1211,4.492506307,71,2.184615385,210,6.264916468,2393,6.79482083,457,13.97553517,1578,19291,32679,2110,22141,121,119,0.5374644325,59.1810668,37.20620137,721,3.25640215,877,26,3,44.34490482,54,22,26,7,9992,283.718553
Bergedorf,35669,6188,17.34839777,7147,20.03700692,5325,14.92892988,11660,32.75096905,2859,46.44249513,18117,1.887122592,8857,48.88778495,3534,19.50654082,956,27.05149972,10.35909855,3443.253276,382,390,4712,4130,582,13383,58.1,1225,5.260897574,66,1.679389313,187,4.574363992,3828,10.73200819,1084,20.6988734,2041,15979,35049,5155,16993,179,4037,23.75684105,79.35785323,37.80672292,716,4.213499676,420,23,7,46.60887302,150,39,48,11,12161,340.9403123
Bergstedt,10836,2351,21.69619786,2288,21.11480251,969,8.942414175,1924,17.73108469,653,27.82275245,4823,2.163591126,1849,38.33713456,1282,26.5809662,210,16.38065523,7.039146034,1539.391277,84,84,943,857,86,3501,52.7,210,3.169332931,25,2.187226597,48,3.566121842,660,6.090808416,221,11.49843913,291,4836,51374,2850,4580,22,2801,61.15720524,103.4019651,43.70441122,187,4.082969432,483,9,1,52.57595773,7,5,5,2,4823,445.0904393
Billbrook,2097,650,30.9966619,116,5.531711969,1635,77.96852647,1806,85.18867925,632,97.38058552,628,1.53343949,464,73.88535032,68,10.82802548,18,26.47058824,6.288611786,333.4599227,40,10,645,743,-98,493,33.5,167,11.68649405,24,7.250755287,19,10.98265896,1000,47.68717215,387,70.10869565,372,403,22625,83,284,0,72,25.35211268,65.84507042,8.917501192,0,0,248,1,1,13.3640553,0,0,0,0,297,141.6309013
Billstedt,70539,13653,19.35525029,12646,17.92767122,17768,25.18890259,40525,57.45211733,10337,76.02412297,35135,2.005123097,16421,46.73687206,7814,22.23993169,2378,30.43255695,16.9238394,4168.025843,873,694,5825,5470,355,24312,52.4,3842,8.24959203,339,4.008039726,572,6.429133416,14833,21.02808376,4459,39.38697995,6906,29100,23247,7970,31632,46,6274,19.83434497,72.34718007,32.44284722,7450,23.55209914,401,26,8,29.04085258,95,45,33,8,21704,307.6879457
Billwerder,3784,1170,30.91966173,318,8.403805497,2651,70.05813953,2716,73.14839752,1000,87.33624454,1312,2.733993902,374,28.50609756,499,38.03353659,77,15.43086172,9.469395088,399.6031388,70,18,2562,380,2182,461,29.7,25,1.008471158,3,0.4807692308,4,1.544401544,1870,49.41860465,688,69.70618034,661,643,30575,383,560,1,406,72.5,93.94285714,13.90274841,780,139.2857143,239,3,1,25.82159624,0,0,0,0,569,150.3699789
Blankenese,13491,2481,18.3900378,3722,27.58876288,1118,8.287006152,2370,17.56466316,619,24.95967742,7002,1.992716367,3203,45.74407312,1454,20.76549557,252,17.33149931,7.735771399,1743.976044,112,105,1253,1170,83,3566,46.5,129,1.671417466,12,0.9900990099,30,1.885606537,159,1.178563487,24,1.170160897,112,6279,117139,3406,6857,59,3114,45.41344611,117.0816684,59.50848714,48,0.7000145836,1670,8,3,77.55581669,112,23,24,6,6639,492.1058483
Borgfelde,7635,834,10.92337917,923,12.08906352,2201,28.82776686,3403,44.48366013,588,70.75812274,4462,1.478709099,3065,68.69116988,441,9.883460332,125,28.3446712,0.8218548059,9289.962102,72,54,1631,1530,101,3296,56,302,5.054393305,25,2.011263073,49,7.538461538,888,11.63064833,224,30.39348711,508,3643,26217,380,4379,30,43,0.9819593515,55.54304636,31.85631958,134,3.060059374,664,3,0,40.75829384,3,2,4,2,1645,215.4551408
Bramfeld,52342,7695,14.70138703,11263,21.51809255,6333,12.09927018,15227,29.11639291,3527,46.01435095,30001,1.761141295,16054,53.51154962,4942,16.47278424,1440,29.13800081,10.0658645,5199.950784,519,546,4833,4352,481,21161,61.3,1774,5.125093893,175,3.350564809,349,5.071937218,5311,10.14672729,1382,21.37664346,3019,25974,30928,9075,27970,222,7565,27.0468359,71.19138363,38.04254709,1913,6.839470862,479,24,5,42.49242752,71,31,39,10,20565,392.8967177
Rissen,15327,2825,18.43152607,4664,30.4299602,1239,8.083773733,2753,17.96176682,812,28.78411911,7785,1.983429672,3533,45.38214515,1657,21.28452152,325,19.61375981,16.70384792,917.5730091,101,221,1196,1029,167,4288,51.9,286,3.425149701,12,0.9009009009,63,3.511705686,603,3.934233705,163,7.047124946,336,7287,65855,3765,7442,55,3496,46.97661919,101.1165009,49.09695309,178,2.391830153,641,7,2,66.17954071,32,7,16,4,6741,439.8120963
Cranz,840,119,14.16666667,150,17.85714286,228,27.14285714,332,39.52380952,66,55.93220339,500,1.732,285,57,73,14.6,18,24.65753425,1.332876373,630.2159878,11,9,168,155,13,344,55.2,34,5.772495756,3,3.225806452,3,2.631578947,87,10.35714286,22,21.78217822,50,378,31335,166,398,0,143,35.92964824,87.09547739,41.26666667,0,0,231,1,1,48.64864865,2,2,0,0,354,421.4285714
Curslack,3964,833,21.01412714,603,15.21190716,702,17.70938446,1046,26.40747286,349,42.04819277,1577,2.190868738,544,34.49587825,397,25.17438174,77,19.39546599,10.57381252,374.8884324,47,32,590,586,4,1502,56.9,126,4.731505821,9,1.914893617,20,3.731343284,460,11.60443996,171,24.49856734,193,1711,41512,954,1479,26,982,66.39621366,104.8735632,39.12916246,9,0.6085192698,266,1,1,41.40625,8,5,0,1,1812,457.1140262
Dulsberg,17442,2169,12.43550052,2204,12.63616558,3767,21.59729389,7478,42.8931972,1550,71.62661738,12004,1.47934022,8522,70.99300233,1354,11.27957348,584,43.13146233,1.225829537,14228.73203,172,138,2344,2295,49,8160,60.9,1137,8.483175408,78,3.760848602,191,10.83380601,3026,17.34892788,745,40.59945504,1766,8895,21239,1074,10743,0,39,0.3630270874,53.28353346,32.81877078,1077,10.02513264,799,8,0,24.85714286,24,7,7,3,3870,221.878225
Duvenstedt,6221,1364,21.92573541,1186,19.06445909,469,7.538980871,985,15.84620335,363,26.80945347,2623,2.378955395,798,30.42317957,770,29.35569958,146,18.96103896,6.782221382,917.2510966,53,49,412,442,-30,2064,52.2,79,2.001013171,7,0.9138381201,19,2.219626168,262,4.211541553,104,9.567617295,83,2738,65694,1788,2528,15,1832,72.46835443,118.0486551,47.970905,82,3.243670886,467,2,1,63.31471136,13,5,7,3,3193,513.2615335
Eidelstedt,32601,5334,16.3614613,7197,22.07600994,5339,16.37679826,11656,35.74692551,2958,55.67476002,17329,1.884124877,8533,49.24115644,3275,18.89895551,822,25.09923664,8.722351376,3737.638922,343,392,2946,2701,245,12328,59.2,1159,5.554490559,117,3.586756591,186,4.728012201,3403,10.43833011,960,21.1546937,1757,15376,30938,5094,15913,141,4393,27.60635958,75.32753095,36.76841201,1307,8.213410419,455,10,5,39.27905531,53,16,20,5,11474,351.9523941
Eilbek,21964,2551,11.61446003,3350,15.25223092,3342,15.21580769,6851,31.19053039,1373,54.20450059,14479,1.538296844,9507,65.66061192,1688,11.65826369,413,24.46682464,1.751378012,12540.98193,291,171,3318,2958,360,10675,65.8,736,4.495480088,51,2.485380117,137,6.281522238,1630,7.421234748,402,17.93041927,939,12199,32559,1552,13289,81,199,1.497479118,62.4186169,37.76547988,436,3.280909022,1000,13,3,44.47949527,35,12,24,3,6268,285.3760699
Eimsbüttel,57541,7384,12.83258894,7254,12.60666308,6919,12.02446951,13528,23.50120737,2407,32.65499932,38707,1.527630661,26071,67.35474204,5065,13.08548841,1287,25.40967423,3.225548705,17839.13537,838,300,6999,7181,-182,27126,62.1,1651,3.773973072,86,1.884724962,271,4.7237232,2578,4.480283624,429,6.559633028,1811,32492,37536,3259,34235,92,310,0.905506061,63.92709216,38.03451452,666,1.945377538,1557,63,8,62.50684182,290,32,57,12,14983,260.3882449
Eißendorf,24540,4158,16.94376528,5026,20.4808476,4321,17.60798696,9431,38.45150243,2392,57.65244637,13064,1.88556338,6523,49.93110839,2500,19.13655848,641,25.64,8.339131496,2942.752493,275,257,2626,2367,259,9057,57,844,5.264471058,62,2.205620776,137,4.778514126,2607,10.62347188,781,22.42963814,1293,11549,32988,4296,12119,78,3657,30.17575708,78.4011057,38.71813366,674,5.561514976,348,8,3,44.09937888,14,9,8,1,8886,362.1026895
Eppendorf,24718,3392,13.72279311,4563,18.46023141,2395,9.68929525,5078,20.57036377,972,28.74889086,15336,1.629564424,9491,61.88706312,2224,14.50182577,473,21.26798561,2.669254115,9260.264829,327,228,3423,3227,196,10444,61.1,448,2.610114192,24,1.116798511,97,3.850734418,538,2.176551501,66,2.20661986,407,13210,58438,1631,14152,26,374,2.642736009,80.11849915,45.87090379,625,4.416336914,2522,14,3,78.52272727,161,28,45,11,7925,320.6165547
Allermöhe,1361,206,15.13592946,274,20.13225569,148,10.87435709,297,22,64,31.68316832,668,2.05988024,267,39.97005988,124,18.56287425,24,19.35483871,8.637358433,157.5713235,10,16,195,177,18,566,61.3,21,2.272727273,3,2.040816327,6,2.816901408,17,1.249081558,4,2.45398773,12,696,38369,455,594,5,502,84.51178451,114.8518519,50.12637766,0,0,226,2,0,41.55844156,0,0,2,0,762,559.8824394
Farmsen-Berne,34752,6090,17.52417127,6927,19.93266575,4148,11.93600368,10704,30.79756013,2839,46.80184636,17852,1.910710285,8517,47.70894017,3748,20.99484652,1010,26.94770544,8.226367201,4224.464962,338,392,3067,2824,243,13762,60.6,1045,4.602713178,87,2.509374099,205,4.61607746,3618,10.4109116,1141,22.28080453,1743,16784,31603,6461,16881,177,5733,33.96125822,76.05177418,36.94262201,1144,6.776849713,477,21,6,39.74160207,41,16,16,5,13255,381.4168969
Finkenwerder,11765,1896,16.11559711,2316,19.68550786,1985,16.8720782,3511,29.88085106,892,47.29586426,6341,1.8683173,3222,50.81217474,1168,18.4198076,316,27.05479452,29.42050989,399.8910979,121,119,870,784,86,4802,61.1,404,5.123652505,26,1.977186312,76,4.622871046,1097,9.324266893,293,18.73401535,596,5919,31649,2299,5777,0,1915,33.14869309,75.49108534,37.06859329,701,12.13432577,296,5,2,40.99821747,7,5,7,3,4386,372.80068
Francop,709,108,15.23272214,127,17.91255289,77,10.86036671,111,15.58988764,12,11.11111111,346,2.104046243,134,38.7283237,68,19.65317919,16,23.52941176,8.813302542,80.44657455,3,2,95,56,39,291,60.5,8,1.609657948,0,0,0,0,26,3.667136812,6,7.058823529,12,356,35782,203,341,12,249,73.02052786,97.6568915,46.96897038,0,0,229,0,0,33.33333333,1,0,0,0,374,527.5035261
Fuhlsbüttel,12701,1975,15.5499567,2530,19.91969136,1606,12.64467365,2948,23.13245449,669,33.82204247,7162,1.760960626,3903,54.49595085,1233,17.21586149,291,23.60097324,7.774407367,1633.693657,136,105,1540,1487,53,5173,61,324,3.814906394,23,1.81531176,64,4.353741497,919,7.235650736,227,13.52800954,535,6490,39526,2060,6748,12,1513,22.42145821,76.64685833,40.7222266,169,2.504445762,590,7,2,58.75420875,24,5,15,4,4751,374.0650342
Groß Borstel,8499,1387,16.31956701,1796,21.13189787,1312,15.43711025,2288,26.89233662,510,36.77000721,4736,1.749366554,2666,56.29222973,772,16.30067568,188,24.35233161,3.985755325,2132.343636,71,84,1291,1242,49,3081,56.3,251,4.518451845,14,1.707317073,60,5.509641873,603,7.094952347,119,10.36585366,399,4064,42631,1752,4443,3,1577,35.49403556,74.86045465,39.13460407,177,3.983794733,553,8,2,58.25892857,5,4,7,2,3171,373.102718
Groß Flottbek,11034,2203,19.96556099,2368,21.46093892,1409,12.76962117,2472,22.38927633,624,28.31215971,5268,2.093204252,2282,43.3181473,1291,24.50645406,180,13.94268009,2.370778877,4654.166657,101,95,1232,1181,51,3210,47.2,117,1.709027169,5,0.3987240829,29,2.412645591,98,0.8881638572,13,0.7142857143,67,5126,85952,2446,5254,17,2209,42.04415683,104.2607537,49.64527823,36,0.6851922345,1189,7,1,84.52883263,70,13,21,4,4707,426.5905383
Gut Moor,1723,408,23.67962855,256,14.85780615,507,29.42542078,718,41.74418605,252,62.06896552,730,2.208219178,296,40.54794521,176,24.10958904,30,17.04545455,10.07031969,171.0968523,17,13,239,220,19,586,52.5,52,4.585537919,7,3.03030303,8,3.883495146,278,16.13464887,113,33.93393393,91,693,32295,431,567,1,468,82.53968254,102.8024691,33.82994777,0,0,484,0,1,25.18518519,0,0,0,0,706,409.7504353
Neuland,1723,408,23.67962855,256,14.85780615,507,29.42542078,718,41.74418605,252,62.06896552,730,2.208219178,296,40.54794521,176,24.10958904,30,17.04545455,10.07031969,171.0968523,17,13,239,220,19,586,52.5,52,4.585537919,7,3.03030303,8,3.883495146,278,16.13464887,113,33.93393393,91,693,32295,431,567,1,468,82.53968254,102.8024691,33.82994777,0,0,484,0,1,25.18518519,0,0,0,0,706,409.7504353
HafenCity,3627,756,20.84367246,333,9.181141439,1168,32.20292253,1718,47.26272352,512,67.63540291,1745,2.115759312,707,40.51575931,416,23.83954155,62,14.90384615,2.42561203,1495.292716,68,9,903,665,238,1191,47.5,86,3.300076746,11,3.197674419,7,2.364864865,487,13.42707472,171,24.85465116,205,1255,93206,86,1478,182,6,0.4059539919,92.797023,37.81472291,8,0.5412719892,0,4,1,46.37681159,13,5,7,1,960,264.681555
Hamm,38716,4453,11.50170472,5398,13.94255605,7037,18.17594793,13792,35.61983471,2795,62.93627561,26171,1.494516832,17808,68.04478239,2871,10.97015781,888,30.92998955,3.888800096,9955.770171,487,331,5488,5066,422,18895,65.2,1542,5.239729519,90,2.195121951,236,6.37321091,3952,10.20766608,980,25.19928002,2304,21255,25745,2314,23287,45,258,1.107914287,58.71134109,35.31384957,1228,5.273328467,397,15,4,38.69863014,25,11,28,6,10136,261.8039054
Hammerbrook,3939,448,11.37344504,133,3.376491495,1812,46.00152323,2470,62.48418922,379,84.40979955,2009,1.554504729,1314,65.40567446,201,10.0049776,55,27.36318408,2.495986588,1578.13348,61,8,1356,1615,-259,1645,47.4,248,7.253582919,29,3.344867359,26,12.80788177,724,18.38029957,155,40.05167959,475,1199,19468,86,1877,203,6,0.3196590304,56.90356953,27.11551155,219,11.66755461,860,5,1,27.73109244,0,0,12,0,497,126.1741559
Harburg,25860,4081,15.78112916,2807,10.8546017,10238,39.59010054,15255,58.8996139,3306,81.26843658,14607,1.684671733,8986,61.51845006,2294,15.70479907,694,30.25283348,3.990648399,6480.149944,377,162,5108,5561,-453,9910,51.8,1417,7.246969774,121,2.929072864,191,8.871342313,4689,18.13225058,1374,39.25714286,2356,9499,20773,1586,12799,164,284,2.218923353,60.26744277,29.82842227,1171,9.149152278,286,16,0,24.36594203,178,34,62,12,4850,187.5483372
Harvestehude,17952,2775,15.4578877,3685,20.52696078,2352,13.10160428,4770,26.55015028,960,34.71971067,10896,1.709801762,6468,59.36123348,1718,15.76725404,343,19.96507567,2.050524388,8754.833693,197,120,2227,2125,102,5776,48.6,382,3.206042803,28,1.793721973,73,3.427230047,611,3.403520499,105,4.464285714,416,9233,111088,1347,10036,1,533,5.310880829,96.77092467,54.09943182,75,0.7473096851,4034,19,1,81.10831234,149,14,50,5,6871,382.7428699
Heimfeld,22082,3810,17.25387193,3438,15.56924192,5343,24.19617788,9851,44.58474768,2382,62.51968504,12171,1.802974283,6785,55.7472681,2274,18.68375647,590,25.94547054,13.00423232,1698.062559,272,232,3103,2905,198,8858,57.7,882,5.722070845,80,2.859185132,116,5.489824894,2724,12.33583915,784,24.27244582,1416,9595,30132,2485,10567,16,1539,14.56420933,71.42878774,34.18114301,1577,14.92381944,310,8,2,34.51557093,27,9,12,3,6308,285.6625306
Hoheluft-Ost,9624,1292,13.4247714,1489,15.47173732,1011,10.50498753,2140,22.24994801,378,29.53125,6261,1.596390353,3940,62.92924453,887,14.16706596,216,24.35174746,0.565504478,17018.43288,132,53,1219,1276,-57,4243,60.5,212,3.020373273,7,0.9433962264,53,4.967197751,304,3.158769742,39,3.494623656,238,5182,52006,633,6004,0,93,1.548967355,72.67554963,45.33915212,106,1.765489674,2243,6,0,76.43312102,190,48,20,4,3101,322.2152951
Hoheluft-West,13337,1657,12.42408338,1817,13.62375347,1483,11.11944215,2850,21.311598,463,27.77444511,8952,1.534182306,5928,66.21983914,1191,13.30428954,294,24.68513854,0.7195187365,18536.00097,176,75,2049,1889,160,6316,63,317,3.147026705,10,0.9165902841,60,4.601226994,372,2.789232961,57,3.93918452,281,7902,42169,803,8018,97,108,1.346969319,66.37403342,39.90305166,12,0.1496632577,1838,9,1,72.39709443,32,8,11,3,3677,275.6991827
Hohenfelde,10030,1221,12.17347956,1586,15.81256231,1962,19.56131605,3685,36.65207877,737,60.26165168,6349,1.532524807,4187,65.94739329,711,11.19861395,151,21.23769339,1.154750982,8685.855354,148,125,1739,1646,93,4282,58.6,325,4.412763069,26,2.483285578,47,4.947368421,818,8.1555334,223,20.66728452,440,5111,39541,694,5768,8,151,2.617891817,67.72122053,38.9447657,89,1.542995839,1588,3,0,52.4822695,36,10,14,3,2702,269.3918245
Horn,38569,6001,15.5591278,6039,15.65765252,9906,25.68383935,19729,51.11669603,4474,74.51698867,22763,1.70618987,13535,59.46052805,3596,15.79756623,1188,33.03670745,5.897594921,6539.784525,439,417,4622,4587,35,15209,55.6,1885,6.87504559,137,2.763768408,283,6.728483119,6428,16.66623454,1844,36.07198748,3345,17772,21685,2760,19338,42,994,5.140138587,60.87537491,30.52212917,1637,8.465198056,382,15,5,29.77346278,37,21,14,6,10075,261.2201509
Hausbruch,16979,3212,18.91748631,3393,19.98350904,2553,15.03622121,9051,53.32272888,2254,70.48155097,7688,2.186784599,2876,37.40894901,1856,24.14151925,448,24.13793103,9.834933736,1726.39699,158,169,1237,1071,166,6244,56.8,671,6.092799419,52,2.459791864,131,5.379876797,2499,14.71818128,756,29.38204431,1106,7349,31023,2963,7199,26,2701,37.51909987,84.44089457,35.80246186,1148,15.94665926,239,9,1,31.8877551,16,4,11,2,6101,359.3262265
Hummelsbüttel,17871,3129,17.50881316,4467,24.99580326,2621,14.66621901,6268,35.06377266,1584,50.80179602,8717,1.990019502,3717,42.64081679,1856,21.29172881,493,26.5625,9.083595645,1967.392726,162,184,1885,1640,245,6051,56.4,542,5.019912939,52,3.012746234,106,4.553264605,1899,10.6261541,532,20.40659762,936,7872,38135,2780,8201,107,2239,27.30154859,88.57102792,40.6452353,1602,19.53420315,613,10,1,49.41520468,13,8,12,2,7196,402.6635331
Iserbrook,11468,2076,18.10254622,2883,25.13951866,998,8.702476456,2506,21.88072994,696,33.72093023,5690,1.975219684,2561,45.00878735,1252,22.00351494,305,24.36102236,2.670120614,4294.937067,105,147,1004,842,162,3891,57.1,261,3.812445223,9,0.8858267717,60,4.258339248,611,5.327868852,160,9.200690052,350,5539,39439,2484,5698,15,2313,40.59319059,84.04475254,41.75854552,132,2.316602317,612,9,3,51.10132159,8,6,6,1,4664,406.6968957
Jenfeld,26238,5146,19.61277536,4702,17.92057321,6529,24.88375638,14940,56.95768204,3934,76.77595628,12818,1.997113434,6180,48.21344984,2800,21.84428148,823,29.39285714,4.991186945,5256.865809,312,303,3483,2851,632,8450,48.5,1371,7.946444097,130,3.644519204,260,7.973014413,5879,22.40643342,1806,42.16670558,2708,10163,23975,2669,11053,161,2094,18.94508278,72.81100154,30.67230734,1596,14.43951868,428,16,4,30.79688436,35,15,19,5,7589,289.2369845
Kirchwerder,9910,1712,17.27547931,1978,19.95963673,684,6.902119072,1213,12.23892645,309,18.11254396,4600,2.161521739,1592,34.60869565,1073,23.32608696,198,18.45293569,32.30807069,306.7345029,94,82,892,849,43,4114,63.4,139,2.133537989,15,1.491053678,32,2.285714286,327,3.299697275,99,6.98659139,162,4668,39284,2810,4169,62,3064,73.49484289,106.4202447,44.76952573,26,0.6236507556,243,7,2,35.26405451,6,6,3,2,5415,546.4177598
Kleiner Grasbrook,1243,70,5.631536605,67,5.390185036,464,37.32904264,615,49.63680387,61,88.4057971,973,1.304213772,759,78.0061665,38,3.905447071,17,44.73684211,11.90017659,104.4522315,7,7,383,360,23,547,50.2,95,8.520179372,6,1.769911504,12,11.11111111,185,14.88334674,34,55.73770492,128,588,13777,70,735,0,2,0.2721088435,50.58911565,29.91391794,0,0,0,0,0,20,0,0,0,0,118,94.93161706
Langenbek,4037,625,15.48179341,924,22.88828338,426,10.55239039,1282,31.79563492,286,45.9807074,2008,2.046314741,766,38.14741036,405,20.16932271,108,26.66666667,0.7935528185,5087.248014,32,31,329,293,36,1590,60.2,103,3.943338438,10,2.298850575,26,3.840472674,237,5.870696061,64,12.7744511,127,1924,34231,1195,1875,12,1129,60.21333333,86.84426667,40.33514986,352,18.77333333,287,1,0,47,0,0,0,1,1777,440.1783503
Langenhorn,45888,8019,17.4751569,8882,19.35582287,7017,15.2915795,14308,31.1897807,3649,45.60109973,23379,1.908507635,11303,48.34680696,4735,20.2532187,1212,25.59662091,13.36714312,3432.89509,576,479,5158,4986,172,17339,57.5,1597,5.27532785,165,3.198914308,307,5.468471678,4917,10.71521967,1429,21.22382296,2499,20892,30965,9310,21569,335,8409,38.98650841,75.7216839,35.59189766,1833,8.498307757,356,25,6,41.3577676,89,22,20,8,16637,362.5566597
Lemsahl-Mellingstedt,6980,1354,19.3982808,1386,19.85673352,636,9.111747851,1318,18.85550787,371,27.3800738,2930,2.301706485,863,29.45392491,768,26.2116041,105,13.671875,8.002216325,872.258349,70,43,1020,972,48,2172,48.4,73,1.629100647,6,0.7712082262,16,1.428571429,135,1.934097421,40,3.593890386,67,3126,75191,2359,2772,20,2484,89.61038961,132.0021645,52.4226361,29,1.046176046,490,5,1,61.7370892,3,2,1,1,3872,554.7277937
Lohbrügge,39168,6105,15.58670343,9323,23.80259395,4699,11.9970384,15225,38.87002476,3467,56.98553583,20803,1.882036245,10108,48.5891458,3794,18.23775417,1082,28.51871376,13.04495229,3002.540686,325,461,2984,3256,-272,15308,61.4,1248,5.024559143,56,1.353965184,240,4.834810637,3882,9.911151961,1026,20.49131216,2082,18234,29127,5727,20082,43,4445,22.13424958,74.83288517,38.36790237,1567,7.803007669,390,14,4,41.67507568,48,18,28,7,14506,370.3533497
Lokstedt,28534,4858,17.02530315,5833,20.44227939,3979,13.94476765,8480,29.70747942,2085,43.10523051,15592,1.816380195,8460,54.25859415,2973,19.0674705,604,20.31617894,4.896199903,5827.784928,320,313,3187,3081,106,11033,60.1,750,4.058002381,67,2.411807055,134,4.582763338,2032,7.121328941,522,12.37260014,1048,14273,41778,3194,14888,121,2137,14.35384202,74.39380709,38.81597393,193,1.296346051,734,22,4,58.48348348,61,18,17,7,9513,333.3917432
Lurup,36257,7301,20.13680117,6669,18.39368949,7271,20.05405853,17291,47.673008,4814,66.15363474,17619,2.040127135,7927,44.99120268,4140,23.4973608,1201,29.00966184,6.292338356,5762.086835,401,402,2960,2835,125,12961,55.3,1727,7.360211388,172,4.286070272,248,5.635082936,6084,16.78020796,1980,32.33180927,2832,15733,26665,5453,15989,34,5206,32.55988492,77.33773219,34.10522106,2153,13.46550754,476,22,4,34.42899284,28,14,12,6,11736,323.6892186
Marienthal,13310,2010,15.1014275,2788,20.94665665,1490,11.19459053,3524,26.51418253,827,41.39139139,7114,1.803204948,3717,52.24908631,1249,17.55693,234,18.73498799,3.213239104,4142.237651,146,192,1982,1900,82,5080,56.7,410,4.637484447,59,4.049416609,52,3.578802478,567,4.259954921,128,7.61451517,341,6621,59131,2146,6605,28,1582,23.95155185,90.21574565,44.7689707,25,0.3785011355,744,9,1,66.18444846,73,16,14,4,5332,400.6010518
Marmstorf,8863,1356,15.29955997,2555,28.82771071,972,10.96694122,2392,27.00079016,581,43.03703704,4620,1.958874459,1981,42.87878788,850,18.3982684,180,21.17647059,5.84345547,1516.739547,66,98,760,692,68,3072,59.6,165,3.154272606,13,1.450892857,37,3.416435826,444,5.009590432,124,11.51346332,225,4505,36313,2227,4273,2,2126,49.754271,89.31687339,43.06115311,110,2.574303768,325,3,1,61.98704104,7,5,5,2,3843,433.6003611
Moorburg,746,155,20.77747989,103,13.80697051,68,9.115281501,127,17.04697987,27,17.53246753,386,1.968911917,187,48.44559585,86,22.27979275,27,31.39534884,16.69819445,44.67548885,6,7,77,77,0,294,56.8,21,4.069767442,3,3.703703704,3,2.678571429,63,8.445040214,23,18.11023622,29,361,34544,226,328,0,242,73.7804878,99.4054878,43.70643432,0,0,229,1,0,34.04255319,0,0,0,0,373,500
Moorfleet,1254,210,16.74641148,196,15.62998405,199,15.8692185,327,26.13908873,65,31.40096618,605,1.970247934,275,45.45454545,113,18.67768595,18,15.92920354,4.372494647,286.7928039,10,9,164,181,-17,479,53.8,45,5.102040816,0,0,13,8.024691358,83,6.618819777,18,10.22727273,51,565,34387,332,446,1,357,80.04484305,101.4103139,36.06778309,0,0,218,0,0,34.7826087,0,0,0,0,643,512.7591707
Neuallermöhe,23844,5517,23.13789633,2063,8.6520718,4047,16.97282335,15363,64.46374622,4326,78.568834,9594,2.403377111,2889,30.11257036,3170,33.04148426,856,27.00315457,4.204242824,5671.413617,295,70,1683,1775,-92,9854,57.7,1022,5.933925565,59,1.689576174,136,4.068202214,4021,16.86378124,1356,29.7498903,1641,9440,28633,3192,9227,158,2503,27.12691015,80.28514143,31.0682352,5019,54.39471117,288,7,3,40.69400631,16,10,9,2,7795,326.9166247
Neuenfelde,4861,1026,21.10676815,731,15.03805801,1495,30.75498869,2358,48.52850381,662,64.39688716,2183,2.161245992,947,43.3806688,508,23.27072836,107,21.06299213,15.6755941,310.0998895,50,27,548,661,-113,1714,52.2,217,6.619890177,21,3.365384615,24,4.528301887,723,14.87348282,254,29.81220657,321,1909,32879,1037,1945,4,1181,60.71979434,95.38611825,38.16622094,291,14.96143959,224,3,1,32.75862069,1,1,3,1,1918,394.5690187
Neuengamme,3705,647,17.46288799,766,20.67476383,180,4.858299595,372,10.02965759,105,16.27906977,1686,2.193950178,576,34.16370107,402,23.84341637,63,15.67164179,18.61702708,199.0113665,38,36,295,271,24,1495,61.8,58,2.409638554,3,0.8403361345,12,2.166064982,126,3.400809717,40,7.518796992,57,1791,40936,1051,1535,18,1135,73.94136808,108.1179153,44.79379217,20,1.302931596,256,2,0,33.17757009,1,1,3,1,2032,548.4480432
Neugraben-Fischbek,29877,5884,19.69407906,6084,20.36349031,5146,17.22395153,13747,46.04743083,3776,64.46986512,13899,2.120440319,5510,39.64313979,3285,23.63479387,776,23.62252664,22.52342587,1326.485597,357,303,3268,2492,776,10249,54.7,1173,6.210621062,106,3.136094675,204,5.450173657,4383,14.67014761,1263,25.74398695,2114,12290,31101,5757,12661,189,5290,41.78184977,85.40225891,36.19098303,868,6.855698602,263,14,4,33.40611354,38,15,20,5,10507,351.6752017
Neustadt,12719,1456,11.44744084,1836,14.4350971,2580,20.28461357,4670,36.64469554,732,50.48275862,8755,1.498001142,6042,69.01199315,1006,11.49057681,287,28.52882704,2.261902239,5623.143113,152,70,1819,1813,6,5671,58.7,504,5.236363636,26,2.546523017,106,7.54985755,969,7.618523469,151,12.00317965,666,7015,34521,641,7482,49,67,0.8954824913,63.00721732,37.06423461,1360,18.17695803,0,11,1,48.25,173,18,76,9,3131,246.1671515
Niendorf,41670,6558,15.73794096,10857,26.05471562,4289,10.29277658,9293,22.29553034,2313,35.42113323,21810,1.877900046,10412,47.73956901,4022,18.44108207,821,20.41272999,12.41758887,3355.72392,359,474,3947,4096,-149,15119,59.4,734,2.894093526,52,1.364471267,175,3.394103957,1505,3.611711063,346,6.347459182,918,20811,41651,8523,20814,90,7356,35.341597,85.79177477,42.85265179,760,3.651388489,539,19,5,60.72144289,94,27,37,8,17484,419.5824334
Nienstedten,7307,1453,19.88504174,1864,25.50978514,778,10.64732448,1448,19.83833402,394,27.24757953,3545,2.088293371,1547,43.63892807,826,23.30042313,119,14.40677966,4.379429102,1668.482314,43,109,807,682,125,1784,42.7,78,1.838321942,0,0,19,2.206736353,51,0.6979608594,6,0.5,38,3286,120716,1822,3242,36,1720,53.05367057,124.3001234,55.14999316,0,0,1343,7,1,75.60483871,17,1,8,2,3681,503.7635144
Ochsenwerder,2628,454,17.27549467,502,19.10197869,211,8.02891933,391,14.86126948,106,23.2967033,1274,2.092621664,483,37.91208791,290,22.76295133,50,17.24137931,14.09993664,186.3838163,24,21,298,205,93,1088,64.8,45,2.584721424,0,0,9,2.452316076,70,2.663622527,14,3.636363636,41,1265,38634,721,1111,30,756,68.04680468,117.8721872,49.83105023,21,1.890189019,235,2,1,37.33333333,2,2,0,0,1536,584.4748858
Ohlsdorf,16471,2739,16.62922713,2689,16.32566329,1996,12.11826847,3999,24.35147972,987,36.23348018,9289,1.776940467,5191,55.88330283,1675,18.03208096,354,21.13432836,7.160787193,2300.166107,188,151,2285,1780,505,6740,59.6,463,4.068183815,34,2.23390276,84,4.6875,1179,7.158035335,317,13.20283215,680,9124,39049,2373,8315,133,1678,20.18039687,73.53517739,37.12251837,335,4.0288635,696,11,1,46.59090909,13,7,7,3,5561,337.6237023
Osdorf,26422,5370,20.32397245,5907,22.35636969,4781,18.09476951,10647,40.32038173,3068,57.2815534,13117,1.99077533,6136,46.7789891,3009,22.93969658,870,28.91326022,7.250842254,3643.99046,275,349,2623,2243,380,8358,53.2,1019,6.377918257,82,3.050595238,135,4.410323424,3743,14.16622512,1222,26.92816219,1765,11482,43177,4046,12584,157,3351,26.62905277,84.41362047,40.20365604,1224,9.726636999,824,14,4,45.21489971,71,18,16,5,9099,344.3721141
Othmarschen,15281,3132,20.49604084,3190,20.87559715,1854,12.13271383,3842,25.13246549,1119,35.78509754,7214,2.109093429,3014,41.77987247,1834,25.42278902,255,13.9040349,5.946814357,2569.611069,204,139,1870,1629,241,4702,50.1,234,2.491482112,14,1.058201058,44,2.722772277,462,3.023362345,138,5.113004817,219,7056,108258,2748,7020,58,2357,33.57549858,112.9669516,51.89634186,157,2.236467236,1481,13,3,82.11284514,42,8,10,1,6606,432.3015509
Ottensen,35480,5585,15.74126268,4891,13.78523112,4577,12.90022548,9342,26.34294899,1933,34.66642755,21616,1.663813842,13264,61.36195411,3745,17.32512953,1026,27.3965287,2.795190658,12693.23075,457,214,3801,3916,-115,14942,57.9,1197,4.650891712,59,1.974564926,220,5.450941526,2205,6.214768884,415,8.553173949,1462,18815,40830,2399,19593,108,416,2.123207268,70.42117083,38.88844419,1086,5.542795896,1599,34,4,51.45442793,175,28,61,9,9646,271.8714769
Poppenbüttel,23280,3752,16.11683849,7698,33.06701031,1691,7.263745704,4866,20.91643741,1332,35.60545309,11122,2.018521849,4533,40.75705808,2263,20.34705988,374,16.52673442,8.105230587,2872.219334,173,514,2105,1386,719,6953,56.5,297,2.384775976,16,0.8611410118,72,2.603036876,702,3.015463918,198,6.329923274,368,11517,52157,6182,10648,103,6075,57.05296769,103.8083208,47.48071306,404,3.794139745,525,10,3,68.24605154,121,27,44,9,10644,457.2164948
Rahlstedt,91703,16000,17.44762985,20428,22.27626141,12373,13.49247026,29971,32.64814815,7797,48.90240843,46884,1.92833376,21693,46.26951625,9542,20.35235901,2608,27.33179627,26.56598439,3451.895425,939,1020,10440,9275,1165,33466,58.1,2789,4.810279407,296,3.106633081,508,4.44600035,9515,10.37588738,2919,21.95562241,4661,42075,33419,15319,44157,294,12600,28.53454718,81.17342664,39.08678015,3435,7.779061078,453,37,12,42.16938495,153,56,63,15,35925,391.7538139
Reitbrook,506,60,11.85770751,128,25.29644269,41,8.102766798,65,12.77013752,8,13.55932203,263,1.958174905,123,46.76806084,42,15.96958175,4,9.523809524,6.937304502,72.93899235,2,9,35,44,-9,202,59.9,4,1.212121212,0,0,0,0,7,1.383399209,3,6.25,3,242,37041,147,231,0,151,65.36796537,119.7012987,54.64624506,0,0,223,0,0,25,0,0,2,0,283,559.2885375
Rönneburg,3233,612,18.92978658,582,18.00185586,468,14.47571915,1040,32.37858032,296,48.44517185,1519,2.162606978,579,38.11718236,366,24.09479921,72,19.67213115,2.247532359,1438.466497,19,22,291,256,35,1271,60.3,62,2.899906455,7,1.75879397,11,2.528735632,207,6.40272193,71,13.84015595,96,1443,38848,776,1392,3,757,54.38218391,96.46982759,41.53603464,153,10.99137931,303,1,1,54.32692308,0,0,0,0,1435,443.8601918
Rothenburgsort,9225,1581,17.13821138,1344,14.56910569,2593,28.10840108,5147,55.63722841,1242,78.60759494,5275,1.750331754,3150,59.71563981,892,16.90995261,295,33.07174888,7.190858696,1282.878776,103,101,1107,1033,74,3554,55.2,547,8.41409014,38,3.703703704,82,7.714016933,1841,19.95663957,575,41.66666667,912,4024,20473,523,4596,38,137,2.980852916,60.53959965,30.16151762,903,19.64751958,274,4,1,24.94577007,5,5,5,2,2380,257.9945799
Rotherbaum,16744,2275,13.58695652,2623,15.66531295,2837,16.9433827,5064,30.1751877,847,37.16542343,10841,1.59136611,6998,64.55124066,1446,13.33825293,324,22.406639,2.735309267,6121.428462,173,99,2633,2413,220,6212,51.2,366,3.016566389,12,0.7717041801,64,3.644646925,435,2.597945533,59,2.967806841,318,8142,68191,1200,9980,49,330,3.306613226,83.02715431,49.48704013,79,0.7915831663,3692,16,2,81.77496038,130,19,45,8,5371,320.7716197
Sasel,23647,4513,19.08487335,6068,25.66076035,1345,5.687825094,3880,16.41494267,1132,25.18353726,11176,2.147727273,4102,36.70365068,2689,24.06048676,364,13.53663072,8.363075418,2827.548338,191,199,1642,1497,145,7583,54.3,293,2.11049485,15,0.6790402897,69,2.132921175,386,1.632342369,82,2.218614719,229,10933,61360,7456,10895,106,7542,69.22441487,112.5361175,51.8493255,36,0.3304268013,560,12,3,68.05912596,33,9,12,2,11989,506.9987736
Schnelsen,29578,5526,18.68280479,5902,19.95401988,4140,13.99688958,9418,31.82832038,2634,47.7519942,14157,2.023521933,6159,43.50497987,3237,22.86501377,798,24.65245598,8.950757134,3304.52492,294,298,3416,3247,169,11015,57.8,882,4.62433807,80,2.455494168,170,4.630890765,2736,9.250118331,850,18.46621768,1317,13530,37866,5831,13409,121,5320,39.67484525,88.71608621,40.2188789,1674,12.48415243,489,25,4,40.42675894,51,17,28,6,12023,406.4845493
Sinstorf,4102,980,23.89078498,648,15.79717211,1011,24.6465139,1768,43.1640625,656,67.14431934,1761,2.201022147,669,37.98977853,472,26.80295287,92,19.49152542,2.516604269,1629.974188,55,34,878,421,457,1387,57.5,141,5.371428571,19,3.747534517,17,4.325699746,633,15.43149683,237,28.58866104,267,1667,33328,880,1549,85,913,58.94125242,90.9244674,34.33495856,104,6.714009038,263,2,1,44.88188976,10,3,3,0,1521,370.7947343
Spadenland,514,76,14.78599222,116,22.56809339,16,3.112840467,35,6.862745098,7,9.333333333,246,2.085365854,91,36.99186992,46,18.69918699,10,21.73913043,3.419222592,150.3265687,3,2,42,35,7,200,59.2,7,2.071005917,0,0,5,7.8125,9,1.750972763,0,0,7,261,35255,115,212,4,118,55.66037736,107.4858491,44.33268482,0,0,240,0,0,42.85714286,0,0,0,0,300,583.6575875
St. Georg,11055,1108,10.0226142,1397,12.63681592,2552,23.08457711,4274,38.60885276,588,52.73542601,7207,1.515054808,4892,67.87845151,732,10.15679201,179,24.45355191,1.822657489,6065.319495,116,90,2005,1770,235,4743,55.7,427,4.90973899,25,2.14961307,71,5.819672131,819,7.408412483,128,13.3194589,549,5683,44121,537,6091,64,56,0.9193892628,71.08980463,39.16852103,684,11.22968314,2179,8,3,54.18060201,106,36,15,7,2300,208.0506558
St. Pauli,22501,2991,13.29274254,2150,9.555130883,4880,21.68792498,8309,36.80131101,1435,48.00936768,15163,1.53234848,10462,68.99690035,1974,13.01853195,638,32.32016211,2.242487666,10033.94593,239,150,2933,2823,110,9368,52.8,1316,7.42035523,60,3.186404673,220,10.31411158,2987,13.27496556,607,23.20336391,1933,11066,27977,1281,12481,100,169,1.354058168,64.2342761,35.62988312,1828,14.64626232,1316,18,1,39.24205379,39,11,15,8,4370,194.2135905
Steilshoop,19662,3855,19.60634727,3884,19.75383989,4589,23.33943648,10109,51.41912513,2782,72.3348934,9765,2.022119816,4534,46.43113159,2189,22.41679467,700,31.97807218,2.498366932,7869.940859,245,160,1727,1528,199,6546,52.6,1110,8.865106621,110,4.811898513,179,7.669237361,4669,23.74631268,1512,46.42308873,2018,8598,22730,957,8851,85,335,3.784883064,74.00406734,33.31349812,2891,32.66297593,441,12,2,25.77639752,9,7,8,3,5692,289.4924219
Steinwerder,1243,70,5.631536605,67,5.390185036,464,37.32904264,615,49.63680387,61,88.4057971,973,1.304213772,759,78.0061665,38,3.905447071,17,44.73684211,11.90017659,104.4522315,7,7,383,360,23,547,50.2,95,8.520179372,6,1.769911504,12,11.11111111,185,14.88334674,34,55.73770492,128,588,13777,70,735,0,2,0.2721088435,50.58911565,29.91391794,0,0,0,0,0,20,0,0,0,0,118,94.93161706
Stellingen,25753,3565,13.84304741,4868,18.90265212,4649,18.05226576,8636,33.47546321,1733,48.52982358,14618,1.703858257,8400,57.46340129,2229,15.24832398,517,23.19425751,6.089201464,4229.290187,294,243,3935,3913,22,10633,60.1,852,4.791362052,61,2.177793645,139,5.140532544,1958,7.602997709,405,13.05188527,1259,12277,32600,2783,13815,107,1688,12.21860297,69.79182048,37.43928863,197,1.425986247,491,11,3,50.61043285,37,13,8,3,8123,315.4195628
Sternschanze,8080,1146,14.18316832,828,10.24752475,1612,19.95049505,2962,36.6448101,587,51.35608049,5250,1.559047619,3542,67.46666667,759,14.45714286,232,30.56653491,0.5484489044,14732.45718,97,110,1254,1221,33,3399,54,388,6.197093116,20,2.762430939,53,8.255451713,883,10.92821782,211,21.29162462,513,4147,31125,498,4305,0,80,1.858304297,68.25969803,36.36856436,456,10.59233449,1316,4,1,42.16027875,39,6,4,2,1447,179.0841584
Sülldorf,9542,1888,19.78620834,1959,20.53028715,1295,13.57157829,2313,24.20975508,592,31.3559322,4567,1.98970878,2123,46.48565798,1037,22.7063718,231,22.27579556,5.736183842,1663.475276,85,82,1020,910,110,3051,50.8,297,4.930278884,27,2.571428571,55,4.661016949,776,8.132466988,190,12.18729955,448,4247,43584,2414,4431,50,2274,51.32024374,90.88061386,42.20205408,200,4.513653803,759,2,1,55.93220339,13,7,3,2,3713,389.1217774
Tatenberg,558,101,18.10035842,108,19.35483871,34,6.093189964,65,11.71171171,13,12.87128713,251,2.227091633,88,35.05976096,63,25.09960159,7,11.11111111,3.066091996,181.9906254,1,5,28,28,0,245,66.9,10,2.747252747,0,0,0,0,7,1.254480287,0,0,5,260,42598,168,227,2,191,84.14096916,115,46.78315412,0,0,240,0,0,48.71794872,0,0,0,0,300,537.6344086
Tonndorf,14812,2595,17.51957872,2694,18.18795571,2399,16.1963273,5785,39.10369069,1526,59.10147173,8071,1.85801016,4180,51.79036055,1592,19.72494115,373,23.42964824,3.941131817,3758.311239,178,143,1590,1536,54,5930,60.2,557,5.621719822,50,3.322259136,110,6.444053896,1610,10.86956522,472,21.35746606,848,7211,32210,2311,7430,18,1778,23.93001346,76.27860027,38.26289495,817,10.99596231,444,5,1,37.6146789,22,7,10,3,5555,375.0337564
Uhlenhorst,18017,2274,12.62141311,3489,19.36504412,1940,10.76760837,4370,24.27777778,831,36.86779059,11448,1.605433263,7137,62.3427673,1554,13.57442348,307,19.75546976,2.180611753,8262.360311,235,173,2504,2150,354,7548,61,340,2.721088435,9,0.7092198582,65,3.41745531,425,2.358883277,56,2.754549926,317,9924,62479,1209,10729,79,243,2.264889552,78.42436387,46.70117112,179,1.668375431,3190,10,1,75.56818182,91,23,19,4,6311,350.2802908
Veddel,4667,925,19.82001286,388,8.313691879,2106,45.12534819,3374,72.31033005,848,91.87432286,2510,1.880079681,1433,57.09163347,520,20.71713147,146,28.07692308,4.371206162,1067.6687,52,15,609,583,26,1769,51.5,333,9.511568123,29,3.903095559,36,10.34482759,1118,23.95543175,334,42.93059126,505,1911,15831,210,2040,0,14,0.6862745098,60.96372549,26.64795372,413,20.24509804,247,2,1,17.05882353,3,3,3,0,787,168.6308121
Volksdorf,20694,4182,20.20875616,5450,26.33613608,1387,6.702425824,3383,16.3698829,1039,24.95796301,9495,2.156924697,3578,37.68299105,2385,25.11848341,505,21.17400419,11.57624444,1787.626385,142,250,1628,1459,169,6033,50.6,270,2.267002519,14,0.6383948928,59,2.12077642,692,3.343964434,205,6.148770246,355,9494,63763,5529,9054,47,5304,58.58184228,112.7043296,49.31018653,668,7.377954495,658,13,4,59.58142577,87,26,29,5,9297,449.2606553
Waltershof,11765,1896,16.11559711,2316,19.68550786,1985,16.8720782,3511,29.88085106,892,47.29586426,6341,1.8683173,3222,50.81217474,1168,18.4198076,316,27.05479452,29.42050989,399.8910979,121,119,870,784,86,4802,61.1,404,5.123652505,26,1.977186312,76,4.622871046,1097,9.324266893,293,18.73401535,596,5919,31649,2299,5777,0,1915,33.14869309,75.49108534,37.06859329,701,12.13432577,296,5,2,40.99821747,7,5,7,3,4386,372.80068
Wandsbek,35768,4743,13.26045627,6550,18.31245806,6486,18.13352718,12723,35.56493543,2885,61.22665535,21540,1.619266481,13198,61.272052,2774,12.87836583,702,25.30641673,5.943579273,6017.922595,441,332,5628,4535,1093,15650,62.4,1217,4.847446825,100,2.628120894,212,5.548285789,3896,10.8924178,1119,27.21303502,2033,17913,28567,3917,19962,62,2265,11.34655846,65.16751828,36.36977186,901,4.513575794,491,15,5,43.98111723,63,27,43,9,11502,321.5723552
Wellingsbüttel,10570,1940,18.3538316,2976,28.1551561,639,6.045411542,1822,17.24072672,496,25.59339525,5168,2.05746904,2119,41.00232198,1152,22.29102167,153,13.28125,4.086535528,2586.543033,107,143,1000,875,125,3105,51.9,119,1.991965182,4,0.4329004329,32,2.549800797,155,1.46641438,33,2.037037037,103,5156,88606,2873,5108,43,2703,52.91699295,120.2314017,58.10236518,22,0.430696946,856,6,1,78.35703002,25,7,12,2,5269,498.4862819
Wilhelmsburg,54169,11236,20.74249109,7294,13.46526611,17593,32.47798556,32447,59.94273046,8767,78.4027902,26250,2.033904762,12879,49.06285714,6068,23.11619048,1604,26.43375082,35.38672277,1530.771876,743,475,5229,6176,-947,19577,51.9,3399,9.066175882,282,3.88858246,424,8.05777271,11703,21.6046078,3666,39.06649616,5255,21384,21890,4653,22618,55,3174,14.03307101,69.68949509,29.09850653,5245,23.18949509,231,27,7,22.66483516,71,39,22,9,13544,250.0323063
Wilstorf,17437,3059,17.54315536,3354,19.23496014,4121,23.63365258,7740,44.38582406,2079,68.36566919,9455,1.841671074,5003,52.91380222,1802,19.0586991,484,26.8590455,3.42282301,5094.332938,232,236,2013,1723,290,6702,58.6,693,6.032381616,56,2.910602911,110,5.735140772,2426,13.91294374,772,29.7495183,1139,7823,25518,2049,8689,196,1452,16.71078375,69.05236506,34.40935941,886,10.19680055,324,11,1,34.64755078,23,12,5,2,5494,315.0771348
Winterhude,55651,6973,12.52987368,8101,14.55679143,6847,12.30346265,13449,24.13762159,2463,35.32195612,35750,1.566685315,23261,65.06573427,4691,13.12167832,1059,22.57514389,7.584308633,7337.649704,777,340,7560,7224,336,25894,62.8,1356,3.274729521,95,1.873767258,259,4.735783507,2372,4.262277407,418,6.805600782,1610,29898,51627,3651,32860,256,725,2.206329884,69.88420572,41.26421807,552,1.679853926,2855,42,5,58.7088916,230,39,78,14,17559,315.5199367
Wohldorf-Ohlstedt,4585,963,21.00327154,970,21.15594329,215,4.689203926,623,13.53465131,204,21.13989637,2034,2.324483776,628,30.87512291,560,27.53195674,79,14.10714286,17.28852817,265.204762,39,41,345,385,-40,1314,45.7,46,1.619148187,3,0.6097560976,12,1.818181818,80,1.744820065,25,3.22997416,41,2066,94234,1525,1967,45,1569,79.76614133,143.5958312,61.60370774,0,0,520,4,1,65.81196581,0,0,4,1,2491,543.2933479